Orginal,Year,Category,Order,People,Films,Original
1,1946,日本映画大賞,0,,或る夜の殿様,
1,1946,大衆賞,1,,或る夜の殿様,大衆賞	「或る夜の殿様」東宝
1,1946,監督賞,2,今井正,民衆の敵,監督賞	今井 正「民衆の敵」東宝
1,1946,脚本賞,3,久板栄二郎,大曽根家の朝,脚本賞	久板栄二郎「大曽根家の朝」松竹
1,1946,演技賞,4,小沢栄太郎,大曽根家の朝,演技賞	小沢栄太郎「大曽根家の朝」松竹
1,1946,撮影賞,5,立花幹也,檜舞台,撮影賞	立花幹也「檜舞台」東宝
1,1946,音楽賞,6,早坂文雄,民衆の敵,音楽賞	早坂文雄「民衆の敵」東宝
2,1947,日本映画大賞,0,,今ひとたびの,
2,1947,監督賞,1,黒澤明,素晴らしき日曜日,監督賞	黒澤 明「素晴らしき日曜日」東宝
2,1947,脚本賞,2,森雅之,素晴らしき日曜日,脚本賞	森 雅之「素晴らしき日曜日」東宝
2,1947,男優演技賞,3,小沢栄太郎,安城家の舞踏会,男優演技賞	小沢栄太郎「安城家の舞踏会」松竹
2,1947,女優演技賞,4,田中絹代,"結婚,女優須磨子の恋,不死鳥",女優演技賞	田中絹代「結婚」松竹、「女優須磨子の恋」松竹、「不死鳥」松竹
2,1947,新人演技賞,5,若山セツ子,おスミの持参金,新人演技賞	若山セツ子「おスミの持参金」東宝
2,1947,撮影賞,6,三浦光雄,今ひとたびの,撮影賞	三浦光雄「今ひとたびの」東宝
2,1947,美術賞,7,松山崇,今ひとたびの,美術賞	松山 崇「今ひとたびの」東宝
2,1947,音楽賞,8,早坂文雄,女優,音楽賞	早坂文雄「女優」東宝
2,1947,録音賞,9,安恵重遠,女優,録音賞	安恵重遠「女優」東宝
3,1948,日本映画大賞,0,,酔いどれ天使,
3,1948,監督賞,1,木下恵介,"女,肖像,破戒",監督賞	木下恵介「女」松竹、「肖像」松竹、「破戒」松竹
3,1948,脚本賞,2,伊丹万作,手をつなぐ子等,脚本賞	伊丹万作「手をつなぐ子等」大映
3,1948,男優演技賞,3,笠智衆,手をつなぐ子等,男優演技賞	笠 智衆「手をつなぐ子等」大映
3,1948,女優演技賞,4,田中絹代,"夜の女たち,風の中の牝鶏",女優演技賞	田中絹代「夜の女たち」松竹、「風の中の牝鶏」松竹
3,1948,助演賞,5,宇野重吉,"わが生涯のかがやける日,破戒",助演賞	宇野重吉「わが生涯のかがやける日」松竹、「破戒」松竹
3,1948,撮影賞,6,伊藤武夫,酔いどれ天使,撮影賞	伊藤武夫「酔いどれ天使」東宝
3,1948,美術賞,7,浜田辰雄,"わが生涯のかがやける日,風の中の牝鶏",美術賞	浜田辰雄「わが生涯のかがやける日」松竹、「風の中の牝鶏」松竹
3,1948,音楽賞,8,早坂文雄,"酔いどれ天使,虹を抱く処女,富士山頂",音楽賞	早坂文雄「酔いどれ天使」東宝、「虹を抱く処女」東宝、「富士山頂」東宝
3,1948,録音賞,9,大村三郎,わが生涯のかがやける日,録音賞	大村三郎「わが生涯のかがやける日」松竹
3,1948,特別賞,10,,,特別賞	清水 宏「蜂の巣の子供たち」蜂の巣プロ
4,1949,日本映画大賞,0,,晩春,
4,1949,監督賞,1,小津安二郎,晩春,監督賞	小津安二郎「晩春」松竹
4,1949,脚本賞,2,"野田高梧,小津安二郎",晩春,脚本賞	野田高梧、小津安二郎「晩春」松竹
4,1949,男優演技賞,3,志村喬,"静かなる決闘,野良犬",男優演技賞	志村 喬「静かなる決闘」大映、「野良犬」新東宝
4,1949,女優演技賞,4,原節子,"お嬢さん乾杯,青い山脈,晩春",女優演技賞	原 節子「お嬢さん乾杯」松竹、「青い山脈」東宝、「晩春」松竹
4,1949,助演賞,5,木暮実千代,青い山脈,助演賞	木暮実千代「青い山脈」東宝
4,1949,撮影賞,6,中井朝一,"青い山脈,野良犬",撮影賞	中井朝一「青い山脈」東宝、「野良犬」新東宝
4,1949,美術賞,7,松山崇,野良犬,美術賞	松山 崇「野良犬」新東宝
4,1949,音楽賞,8,早坂文雄,野良犬,音楽賞	早坂文雄「野良犬」新東宝
4,1949,録音賞,9,神谷正和,グッド・バイ,録音賞	神谷正和「グッド・バイ」新東宝
4,1949,教育文化映画賞,10,,,教育文化映画賞	「こんこん鳥物語」東宝教育映画
4,1949,特別賞,11,,,特別賞	小雀劇団　ともだち劇団　手をつなぐ子等グループ「忘れられた子等」新東宝
5,1950,日本映画大賞,0,,また逢う日まで,
5,1950,監督賞,1,吉村公三郎,偽れる盛装,監督賞	吉村公三郎「偽れる盛装」大映
5,1950,脚本賞,2,新藤兼人,偽れる盛装,脚本賞	新藤兼人「偽れる盛装」大映
5,1950,男優演技賞,3,佐分利信,"執行猶予,帰郷",男優演技賞	佐分利 信「執行猶予」東映、「帰郷」松竹
5,1950,女優演技賞,4,京マチ子,"偽れる盛装,羅生門",女優演技賞	京 マチ子「偽れる盛装」大映、「羅生門」大映
5,1950,助演賞,5,山村聡,"帰郷,宗方姉妹,大利根の夜霧",助演賞	山村 聡「帰郷」松竹、「宗方姉妹」新東宝、「大利根の夜霧」新東宝
5,1950,撮影賞,6,三村明,暁の脱走,撮影賞	三村 明「暁の脱走」新東宝
5,1950,美術賞,7,水谷浩,偽れる盛装,美術賞	水谷 浩「偽れる盛装」大映
5,1950,音楽賞,8,"吉沢博,黛敏郎",帰郷,音楽賞	吉沢 博、黛 敏郎「帰郷」松竹
5,1950,録音賞,9,神谷正和,"暁の脱走,雪夫人絵図",録音賞	神谷正和「暁の脱走」新東宝、「雪夫人絵図」新東宝
5,1950,教育文化映画賞,10,,,教育文化映画賞	「いねの一生」日本映画社
6,1951,日本映画大賞,0,,めし,
6,1951,監督賞,1,成瀬巳喜男,めし,監督賞	成瀬巳喜男「めし」東宝
6,1951,脚本賞,2,木下恵介,カルメン故郷に帰る,脚本賞	木下恵介「カルメン故郷に帰る」松竹
6,1951,男優演技賞,3,笠智衆,"命美わし,海の花火",男優演技賞	笠 智衆「命美わし」松竹、「海の花火」松竹
6,1951,女優演技賞,4,原節子,"めし,麦秋",女優演技賞	原 節子「めし」東宝、「麦秋」松竹
6,1951,女優助演賞,5,田村秋子,"自由学校,少年期",女優助演賞	田村秋子「自由学校」松竹、「少年期」松竹
6,1951,撮影賞,6,玉井正夫,めし,撮影賞	玉井正夫「めし」東宝
6,1951,美術賞,7,久保一雄,"どっこい生きてる,わかれ雲",美術賞	久保一雄「どっこい生きてる」新星映画　劇団前進座、「わかれ雲」スタジオエイト
6,1951,音楽賞,8,高田信一,風雪二十年,音楽賞	高田信一「風雪二十年」東映
6,1951,録音賞,9,藤好昌生,めし,録音賞	藤好昌生「めし」東宝
6,1951,教育文化映画賞,10,,,教育文化映画賞	「中尊寺」朝日新聞文化事業団
6,1951,ニュース映画賞,11,,,ニュース映画賞	［1951年設定］	日本ニュース「噴き出す灼熱の流れ」を含む第272号日本映画社
7,1952,日本映画大賞,0,,生きる,
7,1952,監督賞,1,渋谷実,"現代人,本日休診",監督賞	渋谷 実「現代人」松竹、「本日休診」松竹
7,1952,脚本賞,2,"黒澤明,橋本忍,小国英雄",生きる,脚本賞	黒澤 明　橋本 忍　小国英雄「生きる」東宝
7,1952,男優主演賞,3,佐分利信,"波,お茶漬の味,慟哭",男優主演賞	佐分利 信「波」松竹、「お茶漬の味」松竹、「慟哭」東京プロ　新東宝
7,1952,女優主演賞,4,山田五十鈴,"箱根風雲録,現代人",女優主演賞	山田五十鈴「箱根風雲録」新星映画社　前進座、「現代人」松竹
7,1952,男優助演賞,5,加東大介,"おかあさん,決闘鍵屋の辻",男優助演賞	加東大介「おかあさん」新東宝、「決闘鍵屋の辻」東宝
7,1952,女優助演賞,6,中北千枝子,"丘は花ざかり,おかあさん,稲妻",女優助演賞	中北千枝子「丘は花ざかり」東宝、「おかあさん」新東宝、「稲妻」大映
7,1952,撮影賞,7,宮川一夫,"西陣の姉妹,千羽鶴",撮影賞	宮川一夫「西陣の姉妹」大映、「千羽鶴」大映
7,1952,美術賞,8,小池一美,西陣の姉妹,美術賞	小池一美「西陣の姉妹」大映
7,1952,音楽賞,9,斎藤一郎,"西鶴一代女,おかあさん,稲妻,秘密",音楽賞	斎藤一郎「西鶴一代女」新東宝、「おかあさん」新東宝、「稲妻」大映、「秘密」大映
7,1952,録音賞,10,矢野口文雄,生きる,録音賞	矢野口文雄「生きる」東宝
7,1952,教育文化映画賞,11,,,教育文化映画賞	「結核の生態」日映科学映画製作所
7,1952,ニュース映画賞,12,,,ニュース映画賞	朝日ニュース「東京メーデー」を含む第349号日本映画新社
8,1953,日本映画大賞,0,,にごりえ,
8,1953,監督賞,1,今井正,にごりえ,監督賞	今井 正「にごりえ」新世紀　文学座
8,1953,脚本賞,2,木下恵介,"日本の悲劇,まごころ,恋文",脚本賞	木下恵介「日本の悲劇」松竹、「まごころ」松竹、「恋文」新東宝
8,1953,男優主演賞,3,上原謙,"妻,夫婦",男優主演賞	上原 謙「妻」東宝、「夫婦」東宝
8,1953,女優主演賞,4,望月優子,日本の悲劇,女優主演賞	望月優子「日本の悲劇」松竹
8,1953,男優助演賞,5,芥川比呂志,煙突の見える場所,男優助演賞	芥川比呂志「煙突の見える場所」新東宝　エイトプロ
8,1953,女優助演賞,6,杉村春子,"にごりえ,東京物語",女優助演賞	杉村春子「にごりえ」新世紀　文学座、「東京物語」松竹
8,1953,撮影賞,7,宮島義勇,"夜明け前,蟹工船",撮影賞	宮島義勇「夜明け前」新東宝　近代映画協会、「蟹工船」現代ぷろ
8,1953,美術賞,8,伊藤熹朔,"雁,雨月物語",美術賞	伊藤熹朔「雁」大映、「雨月物語」大映
8,1953,音楽賞,9,芥川也寸志,煙突の見える場所,音楽賞	芥川也寸志「煙突の見える場所」新東宝　エイトプロ
8,1953,録音賞,10,大谷巌,雨月物語,録音賞	大谷 巌「雨月物語」大映
8,1953,教育文化映画賞,11,,,教育文化映画賞	「真空の世界」日映科学映画製作所「雪ふみ」ヴィディオ映画製作所
8,1953,ニュース映画賞,12,,,ニュース映画賞	朝日ニュース「防衛体制強化へ」を含む第431号日本映画新社
9,1954,日本映画大賞,0,,二十四の瞳,
9,1954,監督賞,1,木下恵介,"二十四の瞳,女の園",監督賞	木下恵介「二十四の瞳」松竹、「女の園」松竹
9,1954,脚本賞,2,木下恵介,"二十四の瞳,女の園",脚本賞	木下恵介「二十四の瞳」松竹、「女の園」松竹
9,1954,男優主演賞,3,山村聡,"山の音,黒い潮",男優主演賞	山村 聡「山の音」東宝、「黒い潮」日活
9,1954,女優主演賞,4,高峰秀子,"二十四の瞳,女の園,この広い空のどこかに,悪の愉しさ",女優主演賞	高峰秀子「二十四の瞳」松竹、「女の園」松竹、「この広い空のどこかに」松竹、「悪の愉しさ」東映
9,1954,男優助演賞,5,宮口精二,七人の侍,男優助演賞	宮口精二「七人の侍」東宝
9,1954,女優助演賞,6,久我美子,"女の園,この広い空のどこかに,悪の愉しさ,億万長者",女優助演賞	久我美子「女の園」松竹、「この広い空のどこかに」松竹、「悪の愉しさ」東映、「億万長者」青年俳優プロ
9,1954,撮影賞,7,小原譲治,"愛と死の谷間,鶏はふたたび鳴く",撮影賞	小原譲治「愛と死の谷間」日活、「鶏はふたたび鳴く」新東宝
9,1954,美術賞,8,木村威夫,"或る女,黒い潮",美術賞	木村威夫「或る女」大映、「黒い潮」日活
9,1954,音楽賞,9,木下忠司,"女の園,この広い空のどこかに",音楽賞	木下忠司「女の園」松竹、「この広い空のどこかに」松竹
9,1954,録音賞,10,大野久雄,"この広い空のどこかに,女の園,二十四の瞳",録音賞	大野久雄「この広い空のどこかに」松竹、「女の園」松竹、「二十四の瞳」松竹
9,1954,教育文化映画賞,11,,,教育文化映画賞	「蚊」岩波映画製作所「佐久間ダム」岩波映画製作所
9,1954,ニュース映画賞,12,,,ニュース映画賞	毎日世界ニュース第145号特報「衆院大乱闘事件」新理研映画社
10,1955,日本映画大賞,0,,浮雲,
10,1955,監督賞,1,成瀬巳喜男,浮雲,監督賞	成瀬巳喜男「浮雲」東宝
10,1955,脚本賞,2,八住利雄,"夫婦善哉,浮草日記,渡り鳥いつ帰る",脚本賞	八住利雄「夫婦善哉」東宝、「浮草日記」山本プロ　俳優座、「渡り鳥いつ帰る」東京映画
10,1955,男優主演賞,3,森繁久弥,"夫婦善哉,渡り鳥いつ帰る,警察日記,人生とんぼ返り",男優主演賞	森繁久弥「夫婦善哉」東宝、「渡り鳥いつ帰る」東京映画、「警察日記」日活、「人生とんぼ返り」日活
10,1955,女優主演賞,4,高峰秀子,浮雲,女優主演賞	高峰秀子「浮雲」東宝
10,1955,男優助演賞,5,小林桂樹,ここに泉あり,男優助演賞	小林桂樹「ここに泉あり」中央映画
10,1955,女優助演賞,6,左幸子,"おふくろ,人生とんぼ返り",女優助演賞	左 幸子「おふくろ」日活、「人生とんぼ返り」日活
10,1955,撮影賞,7,楠田浩之,"野菊の如き君なりき,遠い雲",撮影賞	楠田浩之「野菊の如き君なりき」松竹、「遠い雲」松竹
10,1955,美術賞,8,伊藤寿一,たそがれ酒場,美術賞	伊藤寿一「たそがれ酒場」新東宝
10,1955,音楽賞,9,中央映画,ここに泉あり,音楽賞	中央映画「ここに泉あり」の企画および製作関係者
10,1955,録音賞,10,下永尚,浮雲,録音賞	下永 尚「浮雲」東宝
10,1955,教育文化映画賞,11,,,教育文化映画賞	「かえるの発生」岩波映画製作所「ひとりの母の記録」岩波映画製作所
10,1955,ニュース映画賞,12,,,ニュース映画賞	朝日ニュース「修学旅行」を含む第511号日本映画新社
11,1956,日本映画大賞,0,,真昼の暗黒,
11,1956,監督賞,1,今井正,真昼の暗黒,監督賞	今井 正「真昼の暗黒」現代ぷろ
11,1956,脚本賞,2,橋本忍,"真昼の暗黒,白扇",脚本賞	橋本 忍「真昼の暗黒」現代ぷろ、「白扇」東映
11,1956,男優主演賞,3,佐田啓二,"あなた買います,台風騒動記",男優主演賞	佐田啓二「あなた買います」松竹、「台風騒動記」山本プロ　まどかグループ
11,1956,女優主演賞,4,山田五十鈴,"流れる,猫と庄造と二人のをんな,母子像",女優主演賞	山田五十鈴「流れる」東宝、「猫と庄造と二人のをんな」東京映画、「母子像」東映
11,1956,男優助演賞,5,東野英治郎,"夜の河,あやに愛しき,夕やけ雲",男優助演賞	東野英治郎「夜の河」大映、「あやに愛しき」劇団民芸、「夕やけ雲」松竹
11,1956,女優助演賞,6,沢村貞子,"赤線地帯,太陽とバラ,現代の欲望,妻の心",女優助演賞	沢村貞子「赤線地帯」大映、「太陽とバラ」松竹、「現代の欲望」東宝、「妻の心」東宝
11,1956,撮影賞,7,三浦光雄,"白夫人の妖恋,猫と庄造と二人のをんな",撮影賞	三浦光雄「白夫人の妖恋」東宝、「猫と庄造と二人のをんな」東京映画
11,1956,美術賞,8,中古智,流れる,美術賞	中古 智「流れる」東宝
11,1956,音楽賞,9,伊福部昭,"ビルマの竪琴,鬼火,真昼の暗黒",音楽賞	伊福部 昭「ビルマの竪琴」日活、「鬼火」東宝、「真昼の暗黒」現代ぷろ
11,1956,録音賞,10,海原幸夫,"新平家物語,義仲をめぐる三人の女,残菊物語,夜の河",録音賞	海原幸夫「新平家物語」大映、「義仲をめぐる三人の女」大映、「残菊物語」大映、「夜の河」大映
11,1956,教育文化映画賞,11,,,教育文化映画賞	「カラコルム」日本映画新社
11,1956,ニュース映画賞,12,,,ニュース映画賞	朝日ニュース「この子らに親を」を含む第522号日本映画新社
11,1956,特別賞,13,,,特別賞	溝口健二映画界への多年の功績 三浦光雄映画界への多年の功績
11,1956,色彩技術賞,14,,,色彩技術賞	日映作品「カラコルム」の色彩技術関係者
12,1957,日本映画大賞,0,,米,
12,1957,監督賞,1,今井正,"米,純愛物語",監督賞	今井 正「米」東映、「純愛物語」東映
12,1957,脚本賞,2,依田義賢,"大阪物語,異母兄弟",脚本賞	依田義賢「大阪物語」大映、「異母兄弟」独立映画
12,1957,男優主演賞,3,三船敏郎,"下町,蜘蛛巣城,どん底",男優主演賞	三船敏郎「下町」東宝、「蜘蛛巣城」東宝、「どん底」東宝
12,1957,女優主演賞,4,高峰秀子,"喜びも悲しみも幾歳月,あらくれ",女優主演賞	高峰秀子「喜びも悲しみも幾歳月」松竹、「あらくれ」東宝
12,1957,男優助演賞,5,三井弘次,"気違い部落,正義派,どん底",男優助演賞	三井弘次「気違い部落」松竹、「正義派」松竹、「どん底」東宝
12,1957,女優助演賞,6,田中絹代,"異母兄弟,女体は哀しく,地上",女優助演賞	田中絹代「異母兄弟」独立映画、「女体は哀しく」宝塚映画、「地上」大映
12,1957,撮影賞,7,長岡博之,"気違い部落,正義派",撮影賞	長岡博之「気違い部落」松竹、「正義派」松竹
12,1957,美術賞,8,村木与四郎,"蜘蛛巣城,どん底",美術賞	村木与四郎「蜘蛛巣城」東宝、「どん底」東宝
12,1957,音楽賞,9,黛敏郎,"幕末太陽伝,気違い部落",音楽賞	黛 敏郎「幕末太陽伝」日活、「気違い部落」松竹
12,1957,録音賞,10,岩田広一,"米,純愛物語",録音賞	岩田広一「米」東映、「純愛物語」東映
12,1957,教育文化映画賞,11,,,教育文化映画賞	「南極大陸」日本映画新社「おふくろのバス旅行」記録映画社「ふくすけ」おとぎプロ
12,1957,ニュース映画賞,12,,,ニュース映画賞	読売国際ニュース「ネズミ村のネズミ騒動」を含む第454号読売映画社
12,1957,特別賞,13,,,特別賞	マキノ光雄映画界への多年の献身と功績 林田重雄日映作品「南極大陸」「黒部峡谷」など長編記録映画に対する意欲とその成果
12,1957,色彩技術賞,14,,,色彩技術賞	大映作品「朱雀門」の宮川一夫を中心とする色彩技術関係者
13,1958,日本映画大賞,0,,楢山節考,
13,1958,監督賞,1,木下恵介,楢山節考,監督賞	木下恵介「楢山節考」松竹
13,1958,脚本賞,2,橋本忍,"張込み,鰯雲,夜の鼓",脚本賞	橋本 忍「張込み」松竹、「鰯雲」東宝、「夜の鼓」現代ぷろ
13,1958,男優主演賞,3,小林桂樹,裸の大将,男優主演賞	小林桂樹「裸の大将」東宝
13,1958,女優主演賞,4,淡島千景,"螢火,鰯雲",女優主演賞	淡島千景「螢火」歌舞伎座プロ、「鰯雲」東宝
13,1958,男優助演賞,5,中村鴈治郎,"炎上,鰯雲",男優助演賞	中村鴈治郎「炎上」大映、「鰯雲」東宝
13,1958,女優助演賞,6,岡田茉莉子,悪女の季節,女優助演賞	岡田茉莉子「悪女の季節」松竹
13,1958,撮影賞,7,伊佐山三郎,陽のあたる坂道,撮影賞	伊佐山三郎「陽のあたる坂道」日活
13,1958,美術賞,8,柴田篤二,白鷺,美術賞	柴田篤二「白鷺」大映
13,1958,音楽賞,9,"杵屋六左衛門,野沢松之輔",楢山節考,音楽賞	杵屋六左衛門　野沢松之輔「楢山節考」松竹
13,1958,録音賞,10,妹尾芳三郎,彼岸花,録音賞	妹尾芳三郎「彼岸花」松竹
13,1958,教育文化映画賞,11,,,教育文化映画賞	「地底の凱歌」日映新社「ミクロの世界」東京シネマ「オモニと少年」民芸映画社
13,1958,ニュース映画賞,12,,,ニュース映画賞	日活世界ニュース「国会空白の1週間」を含む第204号毎日映画社
13,1958,特別賞,13,,,特別賞	東映作品「白蛇伝」動画技術部門における画期的な成果
13,1958,色彩技術賞,14,,,色彩技術賞	大映作品「白鷺」の渡辺公夫を中心とする色彩技術関係者
14,1959,日本映画大賞,0,,キクとイサム,
14,1959,監督賞,1,山本薩夫,"荷車の歌,人間の壁",監督賞	山本薩夫「荷車の歌」全農映画、「人間の壁」山本プロ
14,1959,脚本賞,2,水木洋子,キクとイサム,脚本賞	水木洋子「キクとイサム」大東映画
14,1959,男優主演賞,3,船越英二,野火,男優主演賞	船越英二「野火」大映
14,1959,女優主演賞,4,北林谷栄,キクとイサム,女優主演賞	北林谷栄「キクとイサム」大東映画
14,1959,男優助演賞,5,宇野重吉,人間の壁,男優助演賞	宇野重吉「人間の壁」山本プロ
14,1959,女優助演賞,6,吉行和子,"才女気質,にあんちゃん",女優助演賞	吉行和子「才女気質」日活、「にあんちゃん」日活
14,1959,撮影賞,7,宮島義勇,人間條件,撮影賞	宮島義勇「人間條件」にんじんくらぶ　人間プロ
14,1959,美術賞,8,鈴木孝俊,"浪花の恋の物語,大菩薩峠・完結篇",美術賞	鈴木孝俊「浪花の恋の物語」東映、「大菩薩峠・完結篇」東映
14,1959,音楽賞,9,林光,"第五福竜丸,荷車の歌,人間の壁",音楽賞	林 光「第五福竜丸」近代映画、「荷車の歌」全農映画、「人間の壁」山本プロ
14,1959,録音賞,10,橋本文雄,"才女気質,にあんちゃん",録音賞	橋本文雄「才女気質」日活、「にあんちゃん」日活
14,1959,教育文化映画賞,11,,,教育文化映画賞	「秘境ヒマラヤ」読売映画社「うわさはひろがる」第一映画社「癌細胞」東京シネマ
14,1959,ニュース映画賞,12,,,ニュース映画賞	日活世界ニュース「希望訪問・水俣病をさぐる」を含む第257号毎日映画社
14,1959,特別賞,13,,,特別賞	杉山公平勤続40年にあたり、日本映画の撮影技術の向上ならびに後進指導に尽くされた功績
14,1959,演技特別賞,14,,,演技特別賞	高橋恵美子　奥の山ジョージ「キクとイサム」大東映画
15,1960,日本映画大賞,0,,おとうと,
15,1960,監督賞,1,市川崑,"おとうと,女経(第二話)",監督賞	市川 崑「おとうと」大映、「女経(第二話)」大映
15,1960,脚本賞,2,橋本忍,"黒い画集,いろはにほへと",脚本賞	橋本 忍「黒い画集」東宝、「いろはにほへと」松竹
15,1960,男優主演賞,3,小林桂樹,黒い画集,男優主演賞	小林桂樹「黒い画集」東宝
15,1960,女優主演賞,4,岸恵子,おとうと,女優主演賞	岸 恵子「おとうと」大映
15,1960,男優助演賞,5,森雅之,"おとうと,悪い奴ほどよく眠る",男優助演賞	森 雅之「おとうと」大映、「悪い奴ほどよく眠る」東宝
15,1960,女優助演賞,6,田中絹代,おとうと,女優助演賞	田中絹代「おとうと」大映
15,1960,撮影賞,7,宮川一夫,おとうと,撮影賞	宮川一夫「おとうと」大映
15,1960,美術賞,8,下河原友雄,おとうと,美術賞	下河原友雄「おとうと」大映
15,1960,音楽賞,9,佐藤勝,"悪い奴ほどよく眠る,筑豊のこどもたち,独立愚連隊西へ",音楽賞	佐藤 勝「悪い奴ほどよく眠る」東宝、「筑豊のこどもたち」東宝、「独立愚連隊西へ」東宝
15,1960,録音賞,10,神谷正和,"やくざ先生,あした晴れるか",録音賞	神谷正和「やくざ先生」日活、「あした晴れるか」日活
15,1960,教育文化映画賞,11,,,教育文化映画賞	長編記録映画：「人間みな兄弟」部落・製作委員会 理科映画：「新昆虫記―蜂の生活」東映教育映画部 短編劇映画：「北白川こども風土記」共同映画社 科学映画：「マリン・スノー＝石油の起源」東京シネマ
15,1960,(企画賞),12,,,(企画賞)	「マリン・スノー＝石油の起源」丸善石油
15,1960,ニュース映画賞,13,,,ニュース映画賞	朝日ニュース「血ぬられた安保新条約」を含む第797号日本映画新社 毎日ニュース「ハガチー氏デモ隊に囲まる」(特報添付)を含む第289号毎日映画社
15,1960,特別賞,14,,,特別賞	ヘンリー小谷日本映画の先覚者として近代的撮影技術を確立された功績
15,1960,教育文化映画特別賞,15,,,教育文化映画特別賞	吉田六郎理科映画「新昆虫記―蜂の生活」に示した画期的撮影技術
16,1961,日本映画大賞,0,,人間の條件　完結篇,
16,1961,監督賞,1,小林正樹,人間の條件　完結篇,監督賞	小林正樹「人間の條件　完結篇」松竹　にんじんプロ
16,1961,脚本賞,2,松山善三,"人間の條件　完結篇,名もなく貧しく美しく,二人の息子",脚本賞	松山善三「人間の條件　完結篇」松竹　にんじんプロ、「名もなく貧しく美しく」東宝、「二人の息子」東宝
16,1961,男優主演賞,3,仲代達矢,"人間の條件　完結篇,永遠の人",男優主演賞	仲代達矢「人間の條件　完結篇」松竹　にんじんプロ、「永遠の人」松竹
16,1961,女優主演賞,4,高峰秀子,"永遠の人,名もなく貧しく美しく",女優主演賞	高峰秀子「永遠の人」松竹、「名もなく貧しく美しく」東宝
16,1961,男優助演賞,5,三國連太郎,"はだかっ子,飼育",男優助演賞	三國連太郎「はだかっ子」東映、「飼育」パレスフィルムプロ　その他
16,1961,女優助演賞,6,新珠三千代,"小早川家の秋,南の風と波",女優助演賞	新珠三千代「小早川家の秋」東宝、「南の風と波」東宝
16,1961,撮影賞,7,宮島義勇,人間の條件　完結篇,撮影賞	宮島義勇「人間の條件　完結篇」松竹　にんじんプロ
16,1961,美術賞,8,桂長四郎,反逆児,美術賞	桂 長四郎「反逆児」東映
16,1961,音楽賞,9,武満徹,"もず,不良少年",音楽賞	武満 徹「もず」松竹、「不良少年」岩波
16,1961,録音賞,10,大角正夫,釈迦,録音賞	大角正夫「釈迦」大映
16,1961,教育文化映画賞,11,,,教育文化映画賞	理科映画：「メダカの卵」岩波映画製作所 短編劇映画：「山かげに生きる人達」英映画社 科学映画：「潤滑油」東京シネマ
16,1961,(企画賞),12,,,(企画賞)	「潤滑油」丸善石油
16,1961,ニュース映画賞,13,,,ニュース映画賞	朝日ニュース「ある保母さんの日記」を含む第815号日本映画新社
16,1961,特別賞,14,,,特別賞	大藤信郎多年にわたり千代紙および色彩影絵映画など動画の領域に残された幾多の功績
17,1962,日本映画大賞,0,,切腹,
17,1962,監督賞,1,市川崑,"私は二歳,破戒",監督賞	市川 崑「私は二歳」大映、「破戒」大映
17,1962,脚本賞,2,和田夏十,"私は二歳,破戒",脚本賞	和田夏十「私は二歳」大映、「破戒」大映
17,1962,男優主演賞,3,殿山泰司,人間,男優主演賞	殿山泰司「人間」近代映画協会
17,1962,女優主演賞,4,岡田茉莉子,"秋津温泉,今年の恋",女優主演賞	岡田茉莉子「秋津温泉」松竹、「今年の恋」松竹
17,1962,男優助演賞,5,東野英治郎,"秋刀魚の味,キューポラのある街",男優助演賞	東野英治郎「秋刀魚の味」松竹、「キューポラのある街」日活　その他
17,1962,女優助演賞,6,岸田今日子,"破戒,秋刀魚の味,忍びの者",女優助演賞	岸田今日子「破戒」大映、「秋刀魚の味」松竹、「忍びの者」大映
17,1962,撮影賞,7,厚田雄春,秋刀魚の味,撮影賞	厚田雄春「秋刀魚の味」松竹
17,1962,美術賞,8,"大角純一,戸田重昌",切腹,美術賞	大角純一　戸田重昌「切腹」松竹
17,1962,音楽賞,9,武満徹,"切腹,おとし穴",音楽賞	武満 徹「切腹」松竹、「おとし穴」勅使河原プロ
17,1962,録音賞,10,西崎英雄,切腹,録音賞	西崎英雄「切腹」松竹
17,1962,教育文化映画賞,11,,,教育文化映画賞	一般教養映画：「尾瀬」岩波映画製作所 社会教育映画：「石ころの歌」英映画社 科学映画：「パルスの世界―エレクトロニクスと生体と―」東京シネマ 学校教材映画：「ジガバチモドキの観察」科学映画研究所
17,1962,(企画賞),12,,,(企画賞)	学校教材映画「私たちの修学旅行」―奈良・京都―三菱銀行
17,1962,ニュース映画賞,13,,,ニュース映画賞	朝日ニュース「ある生活・お盆を迎えた老人の島」を含む第893号日本映画新社
17,1962,教育文化映画特別賞,14,,,教育文化映画特別賞	小林米作　東京シネマ作品「パルスの世界」その他科学映画の顕微鏡撮影に示した優れた技術
17,1962,大藤信郎賞,15,,,大藤信郎賞 [1962年設定]	手塚治虫　「ある街角の物語」アニメーション映画の領域で独創的な着想と優れた技術によって新鮮な様式美をつくりだした
18,1963,日本映画大賞,0,,天国と地獄,
18,1963,監督賞,1,今村昌平,にっぽん昆虫記,監督賞	今村昌平「にっぽん昆虫記」日活
18,1963,脚本賞,2,"小国英雄,菊島隆三,久板栄二郎,黒澤明",天国と地獄,脚本賞	小国英雄　菊島隆三　久板栄二郎　黒澤 明「天国と地獄」東宝　黒澤プロ
18,1963,男優主演賞,3,小林桂樹,"白と黒,江分利満氏の優雅な生活",男優主演賞	小林桂樹「白と黒」東宝、「江分利満氏の優雅な生活」東宝
18,1963,女優主演賞,4,左幸子,"にっぽん昆虫記,彼女と彼",女優主演賞	左 幸子「にっぽん昆虫記」日活、「彼女と彼」岩波映画
18,1963,男優助演賞,5,長門裕之,古都,男優助演賞	長門裕之「古都」松竹
18,1963,女優助演賞,6,中村玉緒,越前竹人形,女優助演賞	中村玉緒「越前竹人形」大映
18,1963,撮影賞,7,成島東一郎,古都,撮影賞	成島東一郎「古都」松竹
18,1963,美術賞,8,西岡善信,"越前竹人形,雪之丞変化",美術賞	西岡善信「越前竹人形」大映、「雪之丞変化」大映
18,1963,音楽賞,9,黛敏郎,"非行少女,にっぽん昆虫記",音楽賞	黛 敏郎「非行少女」日活、「にっぽん昆虫記」日活
18,1963,録音賞,10,藤好昌生,女の歴史,録音賞	藤好昌生「女の歴史」東宝
18,1963,教育文化映画賞,11,,,教育文化映画賞	科学映画：「生命誕生」東京シネマ 記録映画：「ある機関助士」岩波映画製作所 教材映画：「新昆虫記オトシブミの観察」東映 産業映画：「森林」―北海道の国有林―東映
18,1963,(企画賞),12,,,(企画賞)	劇映画「土と愛」　劇映画「原野に生きる」貯蓄増強中央委員会
18,1963,ニュース映画賞,13,,,ニュース映画賞	毎日ニュース「史上空前の二重事故」を含む第467号毎日映画社
18,1963,特別賞,14,,,特別賞	小津安二郎多年にわたり日本映画に尽くされた功績
18,1963,特別賞,15,,,特別賞	川島雄三戦後の喜劇映画に残されたユニークな創作活動
18,1963,大藤信郎賞,16,,,大藤信郎賞	東映動画「わんぱく王子の大蛇退治」製作スタッフ日本の長編動画映画の領域で作画様式と色彩表現に新風をもたらした
19,1964,日本映画大賞,0,,砂の女,
19,1964,監督賞,1,勅使河原宏,砂の女,監督賞	勅使河原 宏「砂の女」勅使河原プロ
19,1964,脚本賞,2,八木保太郎,"越後つついし親不知,愛と死をみつめて",脚本賞	八木保太郎「越後つついし親不知」東映、「愛と死をみつめて」日活
19,1964,男優主演賞,3,西村晃,赤い殺意,男優主演賞	西村 晃「赤い殺意」日活
19,1964,女優主演賞,4,京マチ子,甘い汗,女優主演賞	京 マチ子「甘い汗」東京映画
19,1964,男優助演賞,5,三木のり平,香華,男優助演賞	三木のり平「香華」松竹
19,1964,女優助演賞,6,楠侑子,"赤い殺意,おんなの渦と淵と流れ",女優助演賞	楠 侑子「赤い殺意」日活、「おんなの渦と淵と流れ」日活
19,1964,撮影賞,7,姫田真左久,赤い殺意,撮影賞	姫田真左久「赤い殺意」日活
19,1964,美術賞,8,"平川透徹,山崎正夫",砂の女,美術賞	平川透徹　山崎正夫「砂の女」勅使河原プロ
19,1964,音楽賞,9,武満徹,"暗殺,砂の女",音楽賞	武満 徹「暗殺」松竹、「砂の女」勅使河原プロ
19,1964,録音賞,10,神保小四郎,赤い殺意,録音賞	神保小四郎「赤い殺意」日活
19,1964,教育文化映画賞,11,,,教育文化映画賞	科学映画：「結晶と電子」東京シネマ 児童映画：「白さぎと少年」東映 教養映画：「美しい国土―その生いたち」東京シネマ 産業映画：「日本のさけます」日本シネセル
19,1964,(企画賞),12,,,(企画賞)	「北海に生きる」　「父と母とその子たち」　「アメリカの家庭生活」貯蓄増強中央委員会
19,1964,ニュース映画賞,13,,,ニュース映画賞	朝日ニュース「大臣のイス」を含む第993号日本映画新社
19,1964,特別賞,14,,,特別賞	帰山教正日本映画草創期における先駆的な映画啓蒙運動の功労
19,1964,特別賞,15,,,特別賞	佐田啓二多年にわたり大衆に親しまれた演技者としての功績
19,1964,大藤信郎賞,16,,,大藤信郎賞	「殺人MURDER」和田 誠風刺的なアイデアと秀れた音楽処理により動画映画に新しい境地をひらいた
20,1965,日本映画大賞,0,,赤ひげ,
20,1965,監督賞,1,内田吐夢,飢餓海峡,監督賞	内田吐夢「飢餓海峡」東映
20,1965,脚本賞,2,鈴木尚之,"飢餓海峡,冷飯とおさんとちゃん",脚本賞	鈴木尚之「飢餓海峡」東映、「冷飯とおさんとちゃん」東映
20,1965,男優主演賞,3,三國連太郎,"飢餓海峡,にっぽん泥棒物語",男優主演賞	三國連太郎「飢餓海峡」東映、「にっぽん泥棒物語」東映
20,1965,女優主演賞,4,左幸子,飢餓海峡,女優主演賞	左 幸子「飢餓海峡」東映
20,1965,男優助演賞,5,伴淳三郎,飢餓海峡,男優助演賞	伴 淳三郎「飢餓海峡」東映
20,1965,女優助演賞,6,奈良岡朋子,証人の椅子,女優助演賞	奈良岡朋子「証人の椅子」大映
20,1965,撮影賞,7,宮島義勇,怪談,撮影賞	宮島義勇「怪談」にんじんプロ
20,1965,美術賞,8,戸田重昌,怪談,美術賞	戸田重昌「怪談」にんじんプロ
20,1965,音楽賞,9,黛敏郎,東京オリンピック,音楽賞	黛 敏郎「東京オリンピック」東京オリンピック映画協会
20,1965,録音賞,10,井上俊彦をはじめとする記録映画,東京オリンピック,録音賞	井上俊彦をはじめとする記録映画「東京オリンピック」録音グループ
20,1965,教育文化映画賞,11,,,教育文化映画賞	学校教育映画：「つるのおんがえし」学習研究社 記録映画：「姫路城」記録映画社 社会教育映画：「盲ろう児」三井プロダクション 一般教養映画：「和華子」桜映画社
20,1965,(企画賞),12,,,(企画賞)	「日本の祭」ミツウロコ
20,1965,ニュース映画賞,13,,,ニュース映画賞	大毎ニュース「ベトコン狩り」を含む第718号理研映画
20,1965,監督特別賞,14,,,監督特別賞	市川 崑「東京オリンピック」東京オリンピック映画協会
20,1965,撮影特別賞,15,,,撮影特別賞	東京オリンピック撮影集団
20,1965,大藤信郎賞,16,,,大藤信郎賞	久里洋二独創的な発想とユニークな造形によって個性ゆたかな作品を継続的に製作し、日本のアニメーション映画の発展にも寄与した「ふしぎなくすり」における村　治夫、岡本忠成をはじめとする電通映画社製作グループ奇抜なデザインによる造形と動きが、人形映画に新生面を開いた
21,1966,日本映画大賞,0,,白い巨塔,
21,1966,監督賞,1,山本薩夫,白い巨塔,監督賞	山本薩夫「白い巨塔」大映
21,1966,脚本賞,2,橋本忍,白い巨塔,脚本賞	橋本 忍「白い巨塔」大映
21,1966,男優主演賞,3,小沢昭一,蕫エロ事師たち﨟より人類学入門,男優主演賞	小沢昭一「蕫エロ事師たち﨟より人類学入門」今村プロ　日活
21,1966,女優主演賞,4,司葉子,紀ノ川,女優主演賞	司 葉子「紀ノ川」松竹
21,1966,男優助演賞,5,三橋達也,女の中にいる他人,男優助演賞	三橋達也「女の中にいる他人」東宝
21,1966,女優助演賞,6,坂本スミ子,蕫エロ事師たち﨟より人類学入門,女優助演賞	坂本スミ子「蕫エロ事師たち﨟より人類学入門」今村プロ　日活
21,1966,撮影賞,7,飯村雅彦,"湖の琴,一万三千人の容疑者",撮影賞	飯村雅彦「湖の琴」東映、「一万三千人の容疑者」東映
21,1966,美術賞,8,山崎正夫,"他人の顔,紀ノ川",美術賞	山崎正夫「他人の顔」勅使河原プロ　東京映画、「紀ノ川」松竹
21,1966,音楽賞,9,武満徹,"他人の顔,あこがれ",音楽賞	武満 徹「他人の顔」勅使河原プロ　東京映画、「あこがれ」東宝
21,1966,録音賞,10,藤好昌生,あこがれ,録音賞	藤好昌生「あこがれ」東宝
21,1966,教育文化映画賞,11,,,教育文化映画賞	学校教材映画：「近代百年の歩み」学習研究社 記録映画：「伝統工芸」―わざと人―記録映画社 科学映画：「ヒトの染色体」東京シネマ アニメーション映画：「月夜とめがね」学習研究社
21,1966,(企画賞),12,,,(企画賞)	東京シネマ製作「原子力発電の夜明け」第一銀行
21,1966,ニュース映画賞,13,,,ニュース映画賞	読売国際ニュース「わが人生最良の日」を含む第912号読売映画社
21,1966,大藤信郎賞,14,,,大藤信郎賞	「展覧会の絵」手塚治虫(虫プロダクション)風刺的なアイデアをもとに、バラエティーに富んだ技法を駆使して、日本のアニメーション映画の水準を高めた
22,1967,日本映画大賞,0,,上意討ち－拝領妻始末－,
22,1967,監督賞,1,今村昌平,人間蒸発,監督賞	今村昌平「人間蒸発」ATG　今村プロ　日映新社
22,1967,脚本賞,2,山内久,若者たち,脚本賞	山内 久「若者たち」劇団俳優座　新星映画社
22,1967,男優主演賞,3,田中邦衛,若者たち,男優主演賞	田中邦衛「若者たち」劇団俳優座　新星映画社
22,1967,女優主演賞,4,岩下志麻,"智恵子抄,あかね雲",女優主演賞	岩下志麻「智恵子抄」松竹、「あかね雲」表現社
22,1967,男優助演賞,5,山本圭,"若者たち,君が青春のとき,陽のあたる坂道",男優助演賞	山本 圭「若者たち」劇団俳優座　新星映画社、「君が青春のとき」日活、「陽のあたる坂道」日活
22,1967,女優助演賞,6,左幸子,"女の一生,春日和",女優助演賞	左 幸子「女の一生」松竹、「春日和」松竹
22,1967,撮影賞,7,竹村博,"惜春,智恵子抄",撮影賞	竹村 博「惜春」松竹、「智恵子抄」松竹
22,1967,美術賞,8,梅田千代夫,惜春,美術賞	梅田千代夫「惜春」松竹
22,1967,音楽賞,9,宇野誠一郎,長編漫画・少年ジャックと魔法使い,音楽賞	宇野誠一郎「長編漫画・少年ジャックと魔法使い」東映
22,1967,録音賞,10,田中俊夫,"智恵子抄,惜春",録音賞	田中俊夫「智恵子抄」松竹、「惜春」松竹
22,1967,教育文化映画賞,11,,,教育文化映画賞	科学映画：「特別天然記念物・ライチョウ」日本シネセル アニメーション映画：「マッチ売りの少女」学習研究社 学校教材映画：「新昆虫記・谷川にすむ虫」東映 記録映画：「夜明けの国」岩波映画製作所
22,1967,(企画賞),12,,,(企画賞)	電通・藤プロ「母たち」プリマハム
22,1967,ニュース映画賞,13,,,ニュース映画賞	毎日ニュース特集「流血の中の訪米」を含む第676号毎日映画社
22,1967,特別賞,14,,,特別賞	下村兼史「或る日の干潟」「ライチョウ」など数々の生物記録映画、とくに鳥類の生態をとらえた、すぐれた作品を永年にわたり製作、その結果は記録映画としてだけでなく、鳥類学の分野でも貴重な資料として高く評価されている
22,1967,大藤信郎賞,15,,,大藤信郎賞	久里洋二「二匹のサンマ」および「部屋」の２作品において鋭い風刺とユーモアあふれる構想を色彩、音響のすぐれた技法で的確に表現し独自の作風をうちたてた
23,1968,日本映画大賞,0,,神々の深き欲望,
23,1968,監督賞,1,岡本喜八,肉弾,監督賞	岡本喜八「肉弾」肉弾をつくる会　ATG
23,1968,脚本賞,2,"今村昌平,長谷部慶次",神々の深き欲望,脚本賞	今村昌平　長谷部慶次「神々の深き欲望」今村プロ
23,1968,男優主演賞,3,寺田農,"肉弾,雲",男優主演賞	寺田 農「肉弾」劇団「雲」肉弾をつくる会　ATG
23,1968,女優主演賞,4,乙羽信子,"藪の中の黒猫,強虫女と弱虫男",女優主演賞	乙羽信子「藪の中の黒猫」近代映画協会　日映新社、「強虫女と弱虫男」近代映画協会
23,1968,男優助演賞,5,嵐寛寿郎,神々の深き欲望,男優助演賞	嵐 寛寿郎「神々の深き欲望」今村プロ
23,1968,女優助演賞,6,山岡久乃,"眠れる美女,女と味噌汁,カモとねぎ",女優助演賞	山岡久乃「眠れる美女」近代映画協会、「女と味噌汁」東宝、「カモとねぎ」東宝
23,1968,撮影賞,7,黒田清己,"藪の中の黒猫,強虫女と弱虫男",撮影賞	黒田清己「藪の中の黒猫」近代映画協会　日映新社、「強虫女と弱虫男」近代映画協会
23,1968,美術賞,8,阿久根巌,"首,肉弾,斬る",美術賞	阿久根 巌「首」東宝、「肉弾」肉弾をつくる会　ATG、「斬る」東宝
23,1968,音楽賞,9,佐藤勝,"肉弾,祇園祭,首",音楽賞	佐藤 勝「肉弾」肉弾をつくる会　ATG、「祇園祭」日本映画復興協会、「首」東宝
23,1968,録音賞,10,"安田哲男,紅谷愃一",黒部の太陽,録音賞	安田哲男　紅谷愃一「黒部の太陽」三船プロ　石原プロ
23,1968,教育文化映画賞,11,,,教育文化映画賞	記録映画：「松本城」記録映画社 社会教育映画：「竜門の人びと」桜映画社 科学映画：「もんしろちょう」岩波映画製作所 一般教養映画：「シベリア人の世界」日本映画新社
23,1968,ニュース映画賞,12,,,ニュース映画賞	東映ニュース第471号「日本列島'68 ８月15日」朝日テレビニュース社
23,1968,大藤信郎賞,13,,,大藤信郎賞	学習研究社人形アニメーション映画「みにくいあひるのこ」作品において衆知の題材（アンデルセン童話）をとりあげながら永年の技術の蓄積を生かし、新しい作風でまとめあげた
24,1969,日本映画大賞,0,,心中天網島,
24,1969,監督賞,1,山田洋次,"喜劇・一発大必勝,男はつらいよ,続・男はつらいよ",監督賞	山田洋次「喜劇・一発大必勝」松竹、「男はつらいよ」松竹、「続・男はつらいよ」松竹
24,1969,脚本賞,2,田村孟,少年,脚本賞	田村 孟「少年」創造社　ATG
24,1969,男優主演賞,3,渥美清,"男はつらいよ,続・男はつらいよ,喜劇・女は度胸",男優主演賞	渥美 清「男はつらいよ」松竹、「続・男はつらいよ」松竹、「喜劇・女は度胸」松竹
24,1969,女優主演賞,4,岩下志麻,"心中天網島,わが恋わが歌",女優主演賞	岩下志麻「心中天網島」表現社　ATG、「わが恋わが歌」松竹
24,1969,男優助演賞,5,中村賀津雄,"わが恋わが歌,尻啖え孫市,新選組",男優助演賞	中村賀津雄「わが恋わが歌」松竹、「尻啖え孫市」大映、「新選組」三船プロ
24,1969,女優助演賞,6,小山明子,少年,女優助演賞	小山明子「少年」表現社　ATG
24,1969,撮影賞,7,岡崎宏三,御用金,撮影賞	岡崎宏三「御用金」フジテレビ　東京映画
24,1969,美術賞,8,小島基司,御用金,美術賞	小島基司「御用金」フジテレビ　東京映画
24,1969,音楽賞,9,武満徹,心中天網島,音楽賞	武満 徹「心中天網島」表現社　ATG
24,1969,録音賞,10,西崎英雄,心中天網島,録音賞	西崎英雄「心中天網島」表現社　ATG
24,1969,教育文化映画賞,11,,,教育文化映画賞	教育記録映画：「若い心の詩」ハマダ・プロダクション
24,1969,ニュース映画賞,12,,,ニュース映画賞	東映ニュース「日本列島’69東京大学」を含む第494号朝日テレビニュース社
24,1969,大藤信郎賞,13,,,大藤信郎賞	「やさしいライオン」虫プロダクション単純な線と繊細な色の扱いに、なごやかな対話と音楽を組み合わせた詩情あふれる作風で日本のアニメーション映画の水準を高めた
25,1970,日本映画大賞,0,,家族,
25,1970,監督賞,1,山本薩夫,戦争と人間,監督賞	山本薩夫「戦争と人間」日活
25,1970,脚本賞,2,山田洋次,家族,脚本賞	山田洋次「家族」松竹 宮崎　晃「男はつらいよ・望郷篇」松竹
25,1970,脚本賞,3,宮崎晃,男はつらいよ・望郷篇,宮崎　晃「男はつらいよ・望郷篇」松竹
25,1970,男優主演賞,4,井川比佐志,家族,男優主演賞	井川比佐志「家族」松竹
25,1970,女優主演賞,5,倍賞千恵子,"家族,男はつらいよ・望郷篇",女優主演賞	倍賞千恵子「家族」松竹、「男はつらいよ・望郷篇」松竹
25,1970,男優助演賞,6,笠智衆,家族,男優助演賞	笠 智衆「家族」松竹
25,1970,女優助演賞,7,奈良岡朋子,"地の群れ,どですかでん",女優助演賞	奈良岡朋子「地の群れ」えるふプロ　ATG、「どですかでん」四騎の会
25,1970,撮影賞,8,中井朝一,赤頭巾ちゃん気をつけて,撮影賞	中井朝一「赤頭巾ちゃん気をつけて」東宝
25,1970,美術賞,9,"横尾嘉良,深民浩",戦争と人間,美術賞	横尾嘉良　深民 浩「戦争と人間」日活
25,1970,音楽賞,10,松村禎三,地の群れ,音楽賞	松村禎三「地の群れ」えるふプロ　ATG
25,1970,録音賞,11,古山恒夫,戦争と人間,録音賞	古山恒夫「戦争と人間」日活
25,1970,教育文化映画賞,12,,,教育文化映画賞	「よみがえる金色堂」日映科学映画製作所
25,1970,ニュース映画賞,13,,,ニュース映画賞	朝日ニュース「ある生活―原爆忌」を含む第1312号日本映画新社
25,1970,大藤信郎賞,14,,,大藤信郎賞	「花ともぐら」「ホーム・マイホーム」岡本忠成とその製作スタッフ心あたたまるユーモアと軽妙な文明批評を、斬新なデザインと動きによって表現し、オブジェクト（人形）・アニメーションの分野に新生面をひらいた
25,1970,大藤賞委員会特別賞,15,日本動画,漫画誕生―日本漫画映画発達史,大藤賞委員会特別賞	日本動画「漫画誕生―日本漫画映画発達史」(２部作）製作に対し
26,1971,日本映画大賞,0,,沈黙,
26,1971,監督賞,1,篠田正浩,沈黙,監督賞	篠田正浩「沈黙」表現社
26,1971,監督賞,2,山田洋次,男はつらいよ,監督賞	山田洋次「男はつらいよ」シリーズ（純情篇）（奮闘篇）（寅次郎恋歌）松竹
26,1971,脚本賞,3,"佐々木守,大島渚",儀式,脚本賞	佐々木 守　大島 渚「儀式」創造社
26,1971,男優演技賞,4,勝新太郎,"顔役,いのちぼうにふろう,狐のくれた赤ん坊,新座頭市・破れ！唐人剣",男優演技賞	勝 新太郎「顔役」勝プロ、「いのちぼうにふろう」東宝、「狐のくれた赤ん坊」大映、「新座頭市・破れ！唐人剣」大映
26,1971,女優演技賞,5,藤純子,緋牡丹博徒・お命戴きます,女優演技賞	藤 純子「緋牡丹博徒・お命戴きます」東映
26,1971,撮影賞,6,岡崎宏三,いのちぼうにふろう,撮影賞	岡崎宏三「いのちぼうにふろう」東宝
26,1971,美術賞,7,水谷浩,いのちぼうにふろう,美術賞	水谷 浩「いのちぼうにふろう」東宝
26,1971,音楽賞,8,武満徹,"いのちぼうにふろう,沈黙,儀式",音楽賞	武満 徹「いのちぼうにふろう」東宝、「沈黙」表現社、「儀式」創造社
26,1971,録音賞,9,西崎英雄,"いのちぼうにふろう,儀式,沈黙",録音賞	西崎英雄「いのちぼうにふろう」東宝、「儀式」創造社、「沈黙」表現社
26,1971,教育文化映画賞,10,,,教育文化映画賞	「チコタン～ぼくのおよめさん」学習研究社AV局
26,1971,ニュース映画賞,11,,,ニュース映画賞	読売国際ニュース「血ぬられた新空港」を含む第1181号読売映画社
26,1971,大藤信郎賞,12,,,大藤信郎賞	「てんまのとらやん」ビデオ東京日本古来の題材、出演方法による斬新奇抜な物語の展開で人形アニメーションの領域を広めた
27,1972,日本映画大賞,0,,忍ぶ川,
27,1972,監督賞,1,斎藤耕一,"約束,旅の重さ",監督賞	斎藤耕一「約束」松竹、「旅の重さ」松竹
27,1972,脚本賞,2,石森史郎,"約束,旅の重さ",脚本賞	石森史郎「約束」松竹、「旅の重さ」松竹
27,1972,男優演技賞,3,地井武男,"海軍特別年少兵,どぶ川学級",男優演技賞	地井武男「海軍特別年少兵」東宝、「どぶ川学級」どぶ川学級製作上映委員会
27,1972,女優演技賞,4,栗原小巻,忍ぶ川,女優演技賞	栗原小巻「忍ぶ川」東宝　俳優座映画放送
27,1972,撮影賞,5,坂本典隆,"約束,旅の重さ",撮影賞	坂本典隆「約束」松竹、「旅の重さ」松竹
27,1972,美術賞,6,村木与四郎,海軍特別年少兵,美術賞	村木与四郎「海軍特別年少兵」東宝
27,1972,音楽賞,7,松村禎三,忍ぶ川,音楽賞	松村禎三「忍ぶ川」東宝　俳優座映画放送
27,1972,録音賞,8,太田六敏,"忍ぶ川,音楽",録音賞	太田六敏「忍ぶ川」東宝　俳優座映画放送、「音楽」行動社
27,1972,教育文化映画賞,9,,,教育文化映画賞	「明治の洋風建築」桜映画社
27,1972,ニュース映画賞,10,,,ニュース映画賞	中日ニュース「水俣からの告発」～生きる証を含む第947号中日映画社
27,1972,大藤信郎賞,11,,,大藤信郎賞	「鬼」川本喜八郎人形アニメーションに能の様式と邦楽伴奏を取り入れ、古典的な題材に作者の新しい解釈を加味し、おそろしくも哀れ深い作品に昇華させた
28,1973,日本映画大賞,0,,津軽じょんがら節,
28,1973,監督賞,1,山田洋次,"男はつらいよ・寅次郎夢枕,男はつらいよ・寅次郎忘れな草",監督賞	山田洋次「男はつらいよ・寅次郎夢枕」「男はつらいよ・寅次郎忘れな草」松竹
28,1973,脚本賞,2,"山田洋次,宮崎晃,朝間義隆",男はつらいよ・寅次郎忘れな草,脚本賞	山田洋次　宮崎 晃　朝間義隆「男はつらいよ・寅次郎忘れな草」松竹
28,1973,男優演技賞,3,丹波哲郎,人間革命,男優演技賞	丹波哲郎「人間革命」東宝
28,1973,女優演技賞,4,賀来敦子,青幻記,女優演技賞	賀来敦子「青幻記」青幻記プロ
28,1973,撮影賞,5,坂本典隆,津軽じょんがら節,撮影賞	坂本典隆「津軽じょんがら節」斎藤耕一プロ　ATG
28,1973,美術賞,6,村木忍,忍ぶ糸,美術賞	村木 忍「忍ぶ糸」東宝
28,1973,音楽賞,7,武満徹,青幻記,音楽賞	武満 徹「青幻記」青幻記プロ
28,1973,録音賞,8,杉崎喬,津軽じょんがら節,録音賞	杉崎 喬「津軽じょんがら節」斎藤耕一プロ　ATG
28,1973,教育文化映画賞,9,,,教育文化映画賞	「色鍋島」桜映画社
28,1973,ニュース映画賞,10,,,ニュース映画賞	中日ニュース第1039号・特集「たとえぼくに明日はなくとも」中日映画社
28,1973,大藤信郎賞,11,,,大藤信郎賞	「南無一病息災」エコー庶民の切ない祈りをこめた絵馬にモチーフをとり、その素朴な画風をフォーク調の歌と語りに乗せて昔噺を構成し、アニメーション映画に滋味豊かな新分野を展開した
29,1974,日本映画大賞,0,,砂の器,
29,1974,監督賞,1,野村芳太郎,砂の器,監督賞	野村芳太郎「砂の器」松竹
29,1974,脚本賞,2,"橋本忍,山田洋次",砂の器,脚本賞	橋本 忍　山田洋次「砂の器」松竹
29,1974,男優演技賞,3,三國連太郎,襤褸の旗,男優演技賞	三國連太郎「襤褸の旗」襤褸の旗製作委員会
29,1974,女優演技賞,4,田中絹代,"サンダカン八番娼館・望郷,三婆",女優演技賞	田中絹代「サンダカン八番娼館・望郷」東宝、「三婆」東京映画
29,1974,撮影賞,5,岡崎宏三,"華麗なる一族,ねむの木の詩",撮影賞	岡崎宏三「華麗なる一族」東宝、「ねむの木の詩」ねむの木
29,1974,美術賞,6,"横尾嘉良,大村武",華麗なる一族,美術賞	横尾嘉良　大村 武「華麗なる一族」東宝
29,1974,音楽賞,7,"芥川也寸志,菅野光亮",砂の器,音楽賞	芥川也寸志　菅野光亮「砂の器」松竹
29,1974,録音賞,8,西崎英雄,卑弥呼,録音賞	西崎英雄「卑弥呼」表現社
29,1974,教育文化映画賞,9,,,教育文化映画賞	「日本の稲作～そのこころと伝統」英映画社
29,1974,ニュース映画賞,10,,,ニュース映画賞	毎日ニュース第1031号「恐怖の爆弾事件」毎日映画社
29,1974,大藤信郎賞,11,,,大藤信郎賞	「詩人の生涯」川本喜八郎従来のアニメーションの形式を破ったユニークな立絵風の作品。音声によるダイアローグを廃したスーパーインポーズ形式は弦楽を交えた音響効果と相まって、画面全体が視覚詩として表現されている
30,1975,日本映画大賞,0,,化石,
30,1975,監督賞,1,新藤兼人,ある映画監督の生涯,監督賞	新藤兼人「ある映画監督の生涯」近代映画協会
30,1975,脚本賞,2,中島丈博,祭りの準備,脚本賞	中島丈博「祭りの準備」綜映社　映画同人社　ATG
30,1975,男優演技賞,3,佐分利信,化石,男優演技賞	佐分利 信「化石」俳優座映画放送　四騎の会
30,1975,女優演技賞,4,浅丘ルリ子,男はつらいよ・寅次郎相合い傘,女優演技賞	浅丘ルリ子「男はつらいよ・寅次郎相合い傘」松竹
30,1975,撮影賞,5,岡崎宏三,"化石,吾輩は猫である",撮影賞	岡崎宏三「化石」俳優座映画放送　四騎の会、「吾輩は猫である」芸苑社
30,1975,美術賞,6,佐藤公信,"男はつらいよ・寅次郎相合い傘,同胞〈はらから〉",美術賞	佐藤公信「男はつらいよ・寅次郎相合い傘」松竹、「同胞〈はらから〉」松竹
30,1975,音楽賞,7,武満徹,化石,音楽賞	武満 徹「化石」俳優座映画放送　四騎の会
30,1975,録音賞,8,久保田幸雄,"祭りの準備,どっこい！人間節",録音賞	久保田幸雄「祭りの準備」ATG他、「どっこい！人間節」小川プロ
30,1975,教育文化映画賞,9,,,教育文化映画賞	「彫る・棟方志功の世界」毎日映画社　美術映画製作協会
30,1975,ニュース映画賞,10,,,ニュース映画賞	中日ニュース1098号・特集「瀬戸内海汚染」中日映画社
30,1975,大藤信郎賞,11,,,大藤信郎賞	「水のたね」岡本忠成古い民話を題材に素朴さと華麗さが協和した異例の作品。アニメーション映画の質と技を量感に顕著な跳躍を画した
31,1976,日本映画大賞,0,,不毛地帯,
31,1976,日本映画優秀賞,1,,青春の殺人者,日本映画優秀賞	「青春の殺人者」綜映社
31,1976,日本映画優秀賞,2,,男はつらいよ―寅次郎夕焼け小焼け,日本映画優秀賞	「男はつらいよ―寅次郎夕焼け小焼け」松竹
31,1976,日本映画優秀賞,3,,あにいもうと,日本映画優秀賞	「あにいもうと」東宝
31,1976,監督賞,4,山本薩夫,不毛地帯,監督賞	山本薩夫「不毛地帯」芸苑社
31,1976,脚本賞,5,山田信夫,不毛地帯,脚本賞	山田信夫「不毛地帯」芸苑社
31,1976,男優演技賞,6,渡哲也,やくざの墓場―くちなしの花―,男優演技賞	渡 哲也「やくざの墓場―くちなしの花―」
31,1976,女優演技賞,7,秋吉久美子,あにいもうと,女優演技賞	秋吉久美子「あにいもうと」東宝
31,1976,撮影賞,8,長谷川清,犬神家の一族,撮影賞	長谷川 清「犬神家の一族」角川春樹事務所
31,1976,美術賞,9,間野重雄,"不毛地帯,大地の子守歌",美術賞	間野重雄「不毛地帯」芸苑社、「大地の子守歌」行動社　木村プロ
31,1976,音楽賞,10,大野雄二,犬神家の一族,音楽賞	大野雄二「犬神家の一族」角川春樹事務所
31,1976,録音賞,11,大橋鉄矢,犬神家の一族,録音賞	大橋鉄矢「犬神家の一族」角川春樹事務所
31,1976,教育文化映画賞,12,,,教育文化映画賞	「奄美の森の動物たち―自然をさぐ る―」桜映画社
31,1976,ニュース映画賞,13,,,ニュース映画賞	日本ニュース1592号「ロッキード疑獄」日本映画新社
31,1976,大藤信郎賞,14,,,大藤信郎賞	「道成寺」川本喜八郎能や歌舞伎の「道成寺」のもとになっている安珍清姫の話を、今昔物語や道成寺伝説などを参考にして脚色した作品
31,1976,日本映画ファン賞,15,［1976年設定］,犬神家の一族,日本映画ファン賞	［1976年設定］	「犬神家の一族」角川春樹事務所
32,1977,日本映画大賞,0,,幸福の黄色いハンカチ,
32,1977,日本映画優秀賞,1,,竹山ひとり旅,日本映画優秀賞	「竹山ひとり旅」近代映画協会
32,1977,日本映画優秀賞,2,,八甲田山,日本映画優秀賞	「八甲田山」東宝
32,1977,日本映画優秀賞,3,,はなれ瞽女おりん,日本映画優秀賞	「はなれ瞽女おりん」表現社
32,1977,日本映画優秀賞,4,,ねむの木の詩がきこえる,日本映画優秀賞	「ねむの木の詩がきこえる」ねむの木
32,1977,監督賞,5,山田洋次,幸福の黄色いハンカチ,監督賞	山田洋次「幸福の黄色いハンカチ」松竹
32,1977,脚本賞,6,山田洋次朝間義隆,幸福の黄色いハンカチ,脚本賞	山田洋次 朝間義隆「幸福の黄色いハンカチ」松竹
32,1977,男優演技賞,7,高倉健,幸福の黄色いハンカチ,男優演技賞	高倉 健「幸福の黄色いハンカチ」松竹
32,1977,女優演技賞,8,岩下志麻,はなれ瞽女おりん,女優演技賞	岩下志麻「はなれ瞽女おりん」表現社
32,1977,撮影賞,9,宮川一夫,はなれ瞽女おりん,撮影賞	宮川一夫「はなれ瞽女おりん」表現社
32,1977,美術賞,10,該当なし,,美術賞	該当なし
32,1977,音楽賞,11,佐藤勝,幸福の黄色いハンカチ,音楽賞	佐藤 勝「幸福の黄色いハンカチ」松竹
32,1977,録音賞,12,中村寛,幸福の黄色いハンカチ,録音賞	中村 寛「幸福の黄色いハンカチ」松竹
32,1977,教育文化映画賞,13,,,教育文化映画賞	「伊勢型紙」桜映画社
32,1977,ニュース映画賞,14,,,ニュース映画賞	日本ニュース1618号「火山灰の町―有珠山噴火―」日本映画新社
32,1977,大藤信郎賞,15,,,大藤信郎賞	「虹に向って」電通映画社人形による感情表現が一段と深められ、動画との合成による効果などが高く評価された
32,1977,日本映画ファン賞,16,,八甲田山,日本映画ファン賞	「八甲田山」東宝
33,1978,日本映画大賞,0,,事件,
33,1978,日本映画優秀賞,1,,サード,日本映画優秀賞	「サード」ATG　幻燈社
33,1978,日本映画優秀賞,2,,愛の亡霊,日本映画優秀賞	「愛の亡霊」大島渚プロ　アルゴス・フィルム
33,1978,日本映画優秀賞,3,,曾根崎心中,日本映画優秀賞	「曾根崎心中」ATG　木村プロ　行動社
33,1978,日本映画優秀賞,4,,帰らざる日々,日本映画優秀賞	「帰らざる日々」にっかつ
33,1978,監督賞,5,野村芳太郎,"事件,鬼畜",監督賞	野村芳太郎「事件」松竹、「鬼畜」松竹
33,1978,脚本賞,6,新藤兼人,事件,脚本賞	新藤兼人「事件」松竹
33,1978,男優演技賞,7,緒形拳,鬼畜,男優演技賞	緒形 拳「鬼畜」松竹
33,1978,女優演技賞,8,梶芽衣子,曾根崎心中,女優演技賞	梶 芽衣子「曾根崎心中」ATG　木村プロ　行動社
33,1978,撮影賞,9,川又昴,"鬼畜,事件",撮影賞	川又 昴「鬼畜」松竹、「事件」松竹
33,1978,美術賞,10,森田郷平,"鬼畜,事件",美術賞	森田郷平「鬼畜」松竹、「事件」松竹
33,1978,音楽賞,11,武満徹,愛の亡霊,音楽賞	武満 徹「愛の亡霊」大島プロ
33,1978,録音賞,12,久保田幸雄,サード,録音賞	久保田幸雄「サード」ATG　幻燈社
33,1978,教育文化映画賞,13,,,教育文化映画賞	「京舞・四世井上八千代」美術映画製作協会
33,1978,ニュース映画賞,14,,,ニュース映画賞	「日本ニュース1634号・開港延期　新東京国際空港」日本映画新社
33,1978,大藤信郎賞,15,,,大藤信郎賞	該当作品なし
33,1978,日本映画ファン賞,16,,,日本映画ファン賞	「野性の証明」角川春樹事務所
34,1979,日本映画大賞,0,,あゝ野麦峠,
34,1979,日本映画優秀賞,1,,衝動殺人 息子よ,日本映画優秀賞	「衝動殺人 息子よ」松竹　東京放送
34,1979,日本映画優秀賞,2,,太陽を盗んだ男,日本映画優秀賞	「太陽を盗んだ男」キティ・フィルム
34,1979,日本映画優秀賞,3,,復讐するは我にあり,日本映画優秀賞	「復讐するは我にあり」松竹　今村プロ
34,1979,日本映画優秀賞,4,,もう頬づえはつかない,日本映画優秀賞	「もう頬づえはつかない」あんぐる　ATG
34,1979,監督賞,5,長谷川和彦,太陽を盗んだ男,監督賞	長谷川和彦「太陽を盗んだ男」キティ・フィルム
34,1979,脚本賞,6,馬場当,復讐するは我にあり,脚本賞	馬場 当「復讐するは我にあり」松竹　今村プロ
34,1979,男優演技賞,7,若山富三郎,衝動殺人 息子よ,男優演技賞	若山富三郎「衝動殺人 息子よ」松竹　東京放送
34,1979,女優演技賞,8,桃井かおり,もう頬づえはつかない,女優演技賞	桃井かおり「もう頬づえはつかない」あんぐる　ATG
34,1979,撮影賞,9,小林節雄,あゝ野麦峠,撮影賞	小林節雄「あゝ野麦峠」新日本映画
34,1979,美術賞,10,間野重雄,あゝ野麦峠,美術賞	間野重雄「あゝ野麦峠」新日本映画
34,1979,音楽賞,11,佐藤勝,あゝ野麦峠,音楽賞	佐藤 勝「あゝ野麦峠」新日本映画
34,1979,録音賞,12,吉田庄太郎,復讐するは我にあり,録音賞	吉田庄太郎「復讐するは我にあり」松竹　今村プロ
34,1979,教育文化映画賞,13,,,教育文化映画賞	「マザー・テレサとその世界」近代映画協会　女子パウロ会
34,1979,ニュース映画賞,14,,,ニュース映画賞	日本ニュース1659号「医療界に旋風―徳洲会病院の24時間―」日本映画新社
34,1979,特別賞,15,,,特別賞	松竹映画「男はつらいよ」シリーズの山田洋次監督を中心とする製作スタッフ
34,1979,大藤信郎賞,16,,,大藤信郎賞	「ルパン三世―カリオストロの城」東京ムービー新社
34,1979,日本映画ファン賞,17,,,日本映画ファン賞	「太陽を盗んだ男」キティ・フィルム
35,1980,日本映画大賞,0,,影武者,
35,1980,日本映画優秀賞,1,,ツィゴイネルワイゼン,日本映画優秀賞	「ツィゴイネルワイゼン」シネマ・プラセット
35,1980,日本映画優秀賞,2,,遙かなる山の呼び声,日本映画優秀賞	「遙かなる山の呼び声」松竹
35,1980,日本映画優秀賞,3,,二百三高地,日本映画優秀賞	「二百三高地」東映
35,1980,日本映画優秀賞,4,,復活の日,日本映画優秀賞	「復活の日」角川春樹事務所　東京放送
35,1980,監督賞,5,黒澤明,影武者,監督賞	黒澤 明「影武者」東宝　黒澤プロ
35,1980,脚本賞,6,田中陽造,ツィゴイネルワイゼン,脚本賞	田中陽造「ツィゴイネルワイゼン」シネマ・プラセット
35,1980,男優演技賞,7,仲代達矢,影武者,男優演技賞	仲代達矢「影武者」東宝　黒澤プロ
35,1980,女優演技賞,8,倍賞千恵子,遙かなる山の呼び声,女優演技賞	倍賞千恵子「遙かなる山の呼び声」松竹
35,1980,撮影賞,9,永塚一栄,ツィゴイネルワイゼン,撮影賞	永塚一栄「ツィゴイネルワイゼン」シネマ・ プラセット
35,1980,美術賞,10,村木与四郎,影武者,美術賞	村木与四郎「影武者」東宝　黒澤プロ
35,1980,音楽賞,11,池辺晋一郎,影武者,音楽賞	池辺晋一郎「影武者」東宝　黒澤プロ
35,1980,録音賞,12,紅谷愃一,復活の日,録音賞	紅谷愃一「復活の日」角川春樹事務所　東京放送
35,1980,教育文化映画賞,13,,,教育文化映画賞	「バングラデシュの大地に」東京シネ・ビデオ
35,1980,ニュース映画賞,14,,,ニュース映画賞	中日ニュース1378号「38年目の祖国―生きていてよかった!!」中日映画社
35,1980,大藤信郎賞,15,,,大藤信郎賞	「スピード」古川タク
35,1980,日本映画ファン賞,16,,,日本映画ファン賞	「影武者」東宝　黒澤プロ
36,1981,日本映画大賞,0,,泥の河,
36,1981,日本映画優秀賞,1,,駅,日本映画優秀賞	「駅」東宝
36,1981,日本映画優秀賞,2,,謀殺・下山事件,日本映画優秀賞	「謀殺・下山事件」俳優座映画放送
36,1981,日本映画優秀賞,3,,幸福,日本映画優秀賞	「幸福」東宝
36,1981,日本映画優秀賞,4,,遠雷,日本映画優秀賞	「遠雷」ATG　NCP　にっかつ撮影所
36,1981,監督賞,5,小栗康平,泥の河,監督賞	小栗康平「泥の河」木村プロ
36,1981,脚本賞,6,倉本聡,駅,脚本賞	倉本 聡「駅」東宝
36,1981,男優演技賞,7,田村高廣,泥の河,男優演技賞	田村高廣「泥の河」木村プロ
36,1981,女優演技賞,8,倍賞千恵子,"駅,男はつらいよ―浪花の恋の寅次郎",女優演技賞	倍賞千恵子「駅」東宝、「男はつらいよ―浪花の恋の寅次郎」松竹
36,1981,撮影賞,9,木村大作,駅,撮影賞	木村大作「駅」東宝
36,1981,美術賞,10,木村威夫,謀殺・下山事件,美術賞	木村威夫「謀殺・下山事件」俳優座映画放送
36,1981,音楽賞,11,宇崎竜童,駅,音楽賞	宇崎竜童「駅」東宝
36,1981,録音賞,12,吉田庄太郎,"ええじゃないか,曾根崎心中",録音賞	吉田庄太郎「ええじゃないか」松竹　今村プロ　映像企画、「曾根崎心中」栗崎事務所
36,1981,教育文化映画賞,13,,,教育文化映画賞	「芭蕉布を織る女たち」桜映画社
36,1981,ニュース映画賞,14,,,ニュース映画賞	毎日ニュース1295号「ともに生きる明日を」毎日映画社
36,1981,大藤信郎賞,15,,,大藤信郎賞	「セロ弾きのゴーシュ」オープロダクション
36,1981,日本映画ファン賞,16,,,日本映画ファン賞	「駅」東宝
37,1982,日本映画大賞,0,,蒲田行進曲,
37,1982,日本映画優秀賞,1,,疑惑,日本映画優秀賞	「疑惑」松竹　霧プロ
37,1982,日本映画優秀賞,2,,遠野物語,日本映画優秀賞	「遠野物語」岩手放送　麻布企画　鉄プロ　俳優座映画放送
37,1982,日本映画優秀賞,3,,さらば愛しき大地,日本映画優秀賞	「さらば愛しき大地」群狼プロ　アトリエダンカン
37,1982,日本映画優秀賞,4,,未完の対局,日本映画優秀賞	「未完の対局」東光徳間　北京映画
37,1982,監督賞,5,深作欣二,"蒲田行進曲,道頓堀川",監督賞	深作欣二「蒲田行進曲」松竹　角川春樹事務所、「道頓堀川」松竹
37,1982,脚本賞,6,"古田求,野村芳太郎",疑惑,脚本賞	古田 求　野村芳太郎「疑惑」松竹　霧プロ
37,1982,男優演技賞,7,西村晃,マタギ,男優演技賞	西村 晃「マタギ」青銅プロ
37,1982,女優演技賞,8,松坂慶子,"蒲田行進曲,道頓堀川",女優演技賞	松坂慶子「蒲田行進曲」松竹　角川春樹事務所、「道頓堀川」松竹
37,1982,撮影賞,9,田村正毅,さらば愛しき大地,撮影賞	田村正毅「さらば愛しき大地」群狼プロ　アトリエダンカン
37,1982,美術賞,10,高橋章,蒲田行進曲,美術賞	高橋 章「蒲田行進曲」松竹　角川春樹事務所
37,1982,音楽賞,11,"林光,江定仙",未完の対局,音楽賞	林 光　江 定仙「未完の対局」東光徳間　北京映画
37,1982,録音賞,12,"橋本文雄,呂慶昌",未完の対局,録音賞	橋本文雄　呂 慶昌「未完の対局」東光徳間　北京映画
37,1982,教育文化映画賞,13,,,教育文化映画賞	「アンデスの嶺のもとに」東京シネ・ ビデオ
37,1982,ニュース映画賞,14,,,ニュース映画賞	毎日ニュース1319号「増える痴呆性老人」毎日映画社
37,1982,大藤信郎賞,15,,,大藤信郎賞	「おこんじょうるり」桜映画社　エコー
37,1982,日本映画ファン賞,16,,,日本映画ファン賞	「蒲田行進曲」松竹　角川春樹事務所
38,1983,日本映画大賞,0,,戦場のメリークリスマス,
38,1983,日本映画優秀賞,1,,家族ゲーム,日本映画優秀賞	「家族ゲーム」にっかつ撮影所　ニュー・センチュリー・プロデューサーズ　ATG
38,1983,日本映画優秀賞,2,,細雪,日本映画優秀賞	「細雪」東宝映画
38,1983,日本映画優秀賞,3,,東京裁判,日本映画優秀賞	「東京裁判」講談社
38,1983,日本映画優秀賞,4,,楢山節考,日本映画優秀賞	「楢山節考」東映　今村プロ
38,1983,監督賞,5,大島渚,戦場のメリークリスマス,監督賞	大島 渚「戦場のメリークリスマス」大島プロ他
38,1983,脚本賞,6,大島渚,戦場のメリークリスマス,脚本賞	大島 渚「戦場のメリークリスマス」大島プロ他
38,1983,脚本賞,7,森田芳光,家族ゲーム,脚本賞	森田芳光「家族ゲーム」ATG他
38,1983,男優主演賞,8,緒形拳,"楢山節考,陽暉楼,魚影の群れ",男優主演賞	緒形 拳「楢山節考」東映　今村プロ、「陽暉楼」東映　俳優座映画放送、「魚影の群れ」松竹
38,1983,女優主演賞,9,田中裕子,天城越え,女優主演賞	田中裕子「天城越え」松竹
38,1983,男優助演賞,10,ビートたけし,戦場のメリークリスマス,男優助演賞	ビートたけし「戦場のメリークリスマス」大島プロ他
38,1983,女優助演賞,11,由紀さおり,家族ゲーム,女優助演賞	由紀さおり「家族ゲーム」ATG他
38,1983,撮影賞,12,椎塚彰,南極物語,撮影賞	椎塚 彰「南極物語」フジテレビ　学研　蔵原プロ
38,1983,美術賞,13,村木忍,細雪,美術賞	村木 忍「細雪」東宝映画
38,1983,音楽賞,14,坂本龍一,戦場のメリークリスマス,音楽賞	坂本龍一「戦場のメリークリスマス」大島プロ他
38,1983,録音賞,15,紅谷愃一,楢山節考,録音賞	紅谷愃一「楢山節考」東映　今村プロ
38,1983,教育文化映画賞,16,,,教育文化映画賞	「海底炭鉱に生きる」アール・ケー・ビー映画社
38,1983,ニュース映画賞,17,,,ニュース映画賞	日本ニュース3号「―熱戦―全国高校ラグビー大会」日本映画新社
38,1983,特別賞,18,,,特別賞	加藤 嘉「ふるさと」の名演と過去の功績について
38,1983,特別賞,19,,,特別賞	「はだしのゲン」ゲンプロダクション
38,1983,大藤信郎賞,20,,,大藤信郎賞	原田知世「時をかける少女」
38,1983,スポニチグランプリ新人賞,21,,,スポニチグランプリ新人賞	［1983年設定］	崔 洋一「十階のモスキート」「性的犯罪」
38,1983,特別賞,22,,,特別賞	金子正次「竜二」
38,1983,外国映画ベストワン賞,23,,,外国映画ベストワン賞	［1983年設定］	「ソフィーの選択」CIC配給
38,1983,日本映画ファン賞,24,,,日本映画ファン賞	「南極物語」フジテレビ　学研　蔵原プロ
39,1984,日本映画大賞,0,,Wの悲劇,
39,1984,日本映画優秀賞,1,,お葬式,日本映画優秀賞	「お葬式」NCP　伊丹プロ
39,1984,日本映画優秀賞,2,,瀬戸内少年野球団,日本映画優秀賞	「瀬戸内少年野球団」ヘラルド・エース　YOUの会
39,1984,日本映画優秀賞,3,,麻雀放浪記,日本映画優秀賞	「麻雀放浪記」角川春樹事務所　東映
39,1984,日本映画優秀賞,4,,おはん,日本映画優秀賞	「おはん」東宝映画
39,1984,監督賞,5,伊丹十三,お葬式,監督賞	伊丹十三「お葬式」NCP　伊丹プロ
39,1984,脚本賞,6,"荒井晴彦,澤井信一郎",Wの悲劇,脚本賞	荒井晴彦　澤井信一郎「Wの悲劇」角川春樹事務所
39,1984,男優主演賞,7,山崎努,"お葬式,さらば箱舟",男優主演賞	山崎 努「お葬式」NCP　伊丹プロ、「さらば箱舟」ATG他
39,1984,女優主演賞,8,吉永小百合,"天国の駅,おはん",女優主演賞	吉永小百合「天国の駅」東映、「おはん」東宝映画
39,1984,男優助演賞,9,高品格,麻雀放浪記,男優助演賞	高品 格「麻雀放浪記」角川春樹事務所　東映
39,1984,女優助演賞,10,三田佳子,"序の舞,Wの悲劇",女優助演賞	三田佳子「序の舞」東映、「Wの悲劇」角川春樹事務所
39,1984,撮影賞,11,宮川一夫,瀬戸内少年野球団,撮影賞	宮川一夫「瀬戸内少年野球団」ヘラルド・エース　YOUの会
39,1984,美術賞,12,村木忍,おはん,美術賞	村木 忍「おはん」東宝映画
39,1984,音楽賞,13,池辺晋一郎,瀬戸内少年野球団,音楽賞	池辺晋一郎「瀬戸内少年野球団」ヘラルド・エース　YOUの会
39,1984,録音賞,14,高橋和久,上海バンスキング,録音賞	高橋和久「上海バンスキング」松竹他
39,1984,教育文化映画賞,15,,,教育文化映画賞	「サイエンスグラフィティ―科学と映像の世界」岩波映画製作所
39,1984,ニュース映画賞,16,,,ニュース映画賞	日本ニュース84―No.19号「過疎の村の夏―三陸鉄道・田野畑村」日本映画新社
39,1984,特別賞,17,,,特別賞	牛原虚彦多年にわたり、日本映画の発展に尽くし、幾多の功績を広く海外にも残した
39,1984,大藤信郎賞,18,,,大藤信郎賞	「風の谷のナウシカ」徳間書店　博報堂
39,1984,スポニチグランプリ新人賞,19,,,スポニチグランプリ新人賞	吉川晃司「すかんぴんウォーク」渡辺プロ他 佐倉しおり「瀬戸内少年野球団」ヘラルド・エース　YOUの会
39,1984,外国映画ベストワン賞,20,,,外国映画ベストワン賞	「ドレッサー」コロムビア映画配給
39,1984,日本映画ファン賞,21,,,日本映画ファン賞	「瀬戸内少年野球団」ヘラルド・エース　YOUの会
40,1985,日本映画大賞,0,,乱,
40,1985,日本映画優秀賞,1,,それから,日本映画優秀賞	「それから」東映
40,1985,日本映画優秀賞,2,,台風クラブ,日本映画優秀賞	「台風クラブ」ディレクターズ・カンパニー
40,1985,日本映画優秀賞,3,,火まつり,日本映画優秀賞	「火まつり」シネセゾン　プロダクション群狼
40,1985,日本映画優秀賞,4,,ビルマの竪琴,日本映画優秀賞	「ビルマの竪琴」フジテレビ　博報堂　キネマ東京
40,1985,監督賞,5,黒澤明,乱,監督賞	黒澤 明「乱」ヘラルド・エース　グリニッチ・フィルム
40,1985,脚本賞,6,中上健次,火まつり,脚本賞	中上健次「火まつり」シネセゾン他
40,1985,脚本賞,7,加藤祐司,台風クラブ,脚本賞	加藤祐司「台風クラブ」ディレクターズ・カンパニー
40,1985,男優主演賞,8,北大路欣也,"火まつり,春の鐘",男優主演賞	北大路欣也「火まつり」シネセゾン他、「春の鐘」東宝映画
40,1985,女優主演賞,9,倍賞美津子,"恋文,生きてるうちが花なのよ死んだらそれまでよ党宣言",女優主演賞	倍賞美津子「恋文」松竹富士他、「生きてるうちが花なのよ死んだらそれまでよ党宣言」キノシタ映画
40,1985,男優助演賞,10,井川比佐志,"乱,タンポポ",男優助演賞	井川比佐志「乱」ヘラルド・エース　グリニッチ・フィルム、「タンポポ」伊丹プロ
40,1985,女優助演賞,11,藤真利子,薄化粧,女優助演賞	藤 真利子「薄化粧」松竹
40,1985,撮影賞,12,前田米造,"それから,TANTANたぬき,野蛮人のように",撮影賞	前田米造「それから」東映、「TANTANたぬき」フジテレビ、「野蛮人のように」東映
40,1985,美術賞,13,今村力,"それから,夜叉,魔の刻",美術賞	今村 力「それから」東映、「夜叉」グループ・エンカウンター、「魔の刻」東映セントラル
40,1985,音楽賞,14,梅林茂,"それから,友よ、静かに瞑れ",音楽賞	梅林 茂「それから」東映、「友よ、静かに瞑れ」角川春樹事務所
40,1985,録音賞,15,橋本文雄,"恋文,それから,早春物語,タンポポ",録音賞	橋本文雄「恋文」松竹富士他、「それから」東映、「早春物語」角川春樹事務所、「タンポポ」伊丹プロ
40,1985,教育文化映画賞,16,,,教育文化映画賞	「痴呆性老人の世界」岩波映画製作所
40,1985,ニュース映画賞,17,,,ニュース映画賞	毎日ニュース第1387号「日航ジャンボ機墜落―死者520人生存4人」毎日映画社
40,1985,演技特別賞,18,,,演技特別賞	千秋 実「花いちもんめ」の充実した演技と多年の功績に対して
40,1985,特別賞,19,,,特別賞	高峰三枝子演技者としての多年にわたる日本映画への功績に対して
40,1985,大藤信郎賞,20,,,大藤信郎賞	「銀河鉄道の夜」朝日新聞社　テレビ朝日　日本ヘラルド映画グループ
40,1985,スポニチグランプリ新人賞,21,,,スポニチグランプリ新人賞	斉藤由貴「雪の断章・情熱」東宝映画 チェッカーズ「TANTANたぬき」フジテレビ
40,1985,外国映画ベストワン賞,22,,,外国映画ベストワン賞	「田舎の日曜日」フランス映画社配給
40,1985,日本映画ファン賞,23,,,日本映画ファン賞	「ビルマの竪琴」フジテレビ　博報堂　キネマ東京
40,1985,田中絹代賞,24,,,田中絹代賞	［1985年設定］	吉永小百合
41,1986,日本映画大賞,0,,海と毒薬,
41,1986,日本映画優秀賞,1,,ウホッホ探険隊,日本映画優秀賞	「ウホッホ探険隊」ディレクターズ・ カンパニー　NCP　日本テレビ
41,1986,日本映画優秀賞,2,,火宅の人,日本映画優秀賞	「火宅の人」東映
41,1986,日本映画優秀賞,3,,キネマの天地,日本映画優秀賞	「キネマの天地」松竹
41,1986,日本映画優秀賞,4,,人間の約束,日本映画優秀賞	「人間の約束」西友　テレビ朝日　キネマ東京
41,1986,監督賞,5,熊井啓,"海と毒薬,海と毒薬",監督賞	熊井 啓「海と毒薬」 「海と毒薬」製作委員会
41,1986,脚本賞,6,"内田裕也,高木功",コミック雑誌なんかいらない！,脚本賞	内田裕也　高木 功「コミック雑誌なんかいらない！」NCP
41,1986,男優主演賞,7,奥田瑛二,"海と毒薬,海と毒薬",男優主演賞	奥田瑛二「海と毒薬」 「海と毒薬」製作委員会
41,1986,女優主演賞,8,いしだあゆみ,"火宅の人,時計アデュー・リベール",女優主演賞	いしだあゆみ「火宅の人」東映、「時計アデュー・リベール」フジテレビ
41,1986,男優助演賞,9,植木等,"新・喜びも悲しみも幾歳月,愛しのチィパッパ",男優助演賞	植木 等「新・喜びも悲しみも幾歳月」松竹、「愛しのチィパッパ」松竹
41,1986,女優助演賞,10,村瀬幸子,人間の約束,女優助演賞	村瀬幸子「人間の約束」西友　テレビ朝日　キネマ東京
41,1986,撮影賞,11,山崎善弘,"人間の約束,離婚しない女",撮影賞	山崎善弘「人間の約束」西友　テレビ朝日　キネマ東京、「離婚しない女」松竹富士
41,1986,美術賞,12,木村威夫,"海と毒薬,海と毒薬,ウホッホ探険隊,夢みるように眠りたい",美術賞	木村威夫「海と毒薬」 「海と毒薬」製作委員会、「ウホッホ探険隊」ディレクターズ・ カンパニー　NCP　日本テレビ、「夢みるように眠りたい」映像探偵社
41,1986,音楽賞,13,鈴木さえ子,ウホッホ探険隊,音楽賞	鈴木さえ子「ウホッホ探険隊」ディレクターズ・ カンパニー　NCP　日本テレビ
41,1986,録音賞,14,橋本文雄,植村直己物語,録音賞	橋本文雄「植村直己物語」電通　毎日放送
41,1986,教育文化映画賞,15,,,教育文化映画賞	「アリサ―ヒトから人間への記録」共同映画　青銅プロ
41,1986,ニュース映画賞,16,,,ニュース映画賞	日本ニュース86―No.15号「飛鳥菜館の人々」日本映画新社
41,1986,大藤信郎賞,17,,,大藤信郎賞	「天空の城ラピュタ」における宮崎駿と製作スタッフ、徳間書店
41,1986,スポニチグランプリ新人賞,18,,,スポニチグランプリ新人賞	鷲尾いさ子「野ゆき山ゆき海べゆき」日本テレビ　ATG　バップ
41,1986,スポニチグランプリ新人賞,19,,,スポニチグランプリ新人賞	仲村トオル「ビー・バップ・ハイスクール」セントラルアーツ
41,1986,スポニチグランプリ新人賞,20,,,スポニチグランプリ新人賞	林 海象「夢みるように眠りたい」映像探偵社
41,1986,外国映画ベストワン賞,21,,,外国映画ベストワン賞	「カイロの紫のバラ」ワーナー・ブラザース配給
41,1986,日本映画ファン賞,22,,,日本映画ファン賞	「植村直己物語」電通　毎日放送
41,1986,田中絹代賞,23,,,田中絹代賞	倍賞千恵子
42,1987,日本映画大賞,0,,マルサの女,
42,1987,日本映画優秀賞,1,,イタズ―熊―,日本映画優秀賞	「イタズ―熊―」こぶしプロ
42,1987,日本映画優秀賞,2,,映画女優,日本映画優秀賞	「映画女優」東宝映画
42,1987,日本映画優秀賞,3,,男はつらいよ―知床慕情,日本映画優秀賞	「男はつらいよ―知床慕情」松竹映像
42,1987,日本映画優秀賞,4,,ゆきゆきて、神軍,日本映画優秀賞	「ゆきゆきて、神軍」疾走プロ
42,1987,監督賞,5,原一男,ゆきゆきて、神軍,監督賞	原 一男「ゆきゆきて、神軍」疾走プロ
42,1987,脚本賞,6,伊丹十三,マルサの女,脚本賞	伊丹十三「マルサの女」伊丹プロ　NCP
42,1987,男優主演賞,7,津川雅彦,"別れぬ理由,マルサの女",男優主演賞	津川雅彦「別れぬ理由」東映、「マルサの女」伊丹プロ　NCP
42,1987,女優主演賞,8,十朱幸代,"夜汽車,螢川,極道の妻たちⅡ",女優主演賞	十朱幸代「夜汽車」東映、「螢川」キネマ東京　日映、「極道の妻たちⅡ」東映
42,1987,男優助演賞,9,三船敏郎,男はつらいよ―知床慕情,男優助演賞	三船敏郎「男はつらいよ―知床慕情」松竹映像
42,1987,女優助演賞,10,石田えり,ちょうちん,女優助演賞	石田えり「ちょうちん」ヴァンフィル　広済堂プロ　東亜興行
42,1987,撮影賞,11,五十畑幸勇,映画女優,撮影賞	五十畑幸勇「映画女優」東宝映画
42,1987,美術賞,12,西岡善信,"吉原炎上,ハチ公物語,竜馬を斬った男",美術賞	西岡善信「吉原炎上」東映、「ハチ公物語」松竹グループ他、「竜馬を斬った男」アルマンス企画
42,1987,音楽賞,13,本多俊之,マルサの女,音楽賞	本多俊之「マルサの女」伊丹プロ　NCP
42,1987,録音賞,14,栗林豊彦,ゆきゆきて、神軍,録音賞	栗林豊彦「ゆきゆきて、神軍」疾走プロ
42,1987,教育文化映画賞,15,,,教育文化映画賞	「柳川堀割物語」二馬力
42,1987,ニュース映画賞,16,,,ニュース映画賞	日本ニュース87―No.6号「さよなら国鉄―百十五年の歴史に幕―」日本映画新社
42,1987,特別賞,17,,,特別賞	故・石原裕次郎演技者として戦後映画界に残した大きな足跡に対して
42,1987,特別賞,18,,,特別賞	故・八木保太郎脚本家として、また独立プロ運動の先駆者としての功績
42,1987,大藤信郎賞,19,,,大藤信郎賞	「森の伝説」手塚プロダクション
42,1987,スポニチグランプリ新人賞,20,,,スポニチグランプリ新人賞	高嶋政宏「トットチャンネル」東宝映画、「BU･SU」東宝映画　アミューズ・シネマ・シティ
42,1987,スポニチグランプリ新人賞,21,,,スポニチグランプリ新人賞	南野陽子「スケバン刑事」東映、「はいからさんが通る」東映
42,1987,外国映画ベストワン賞,22,,,外国映画ベストワン賞	「バウンティフルへの旅」ヘラルド・エース配給
42,1987,日本映画ファン賞,23,,,日本映画ファン賞	「マルサの女」伊丹プロ NCP
42,1987,田中絹代賞,24,,,田中絹代賞	三田佳子
43,1988,日本映画大賞,0,,となりのトトロ,
43,1988,日本映画優秀賞,1,,異人たちとの夏,日本映画優秀賞	「異人たちとの夏」松竹映像
43,1988,日本映画優秀賞,2,,木村家の人びと,日本映画優秀賞	「木村家の人びと」フジテレビジョン
43,1988,日本映画優秀賞,3,,TOMORROW／明日,日本映画優秀賞	「TOMORROW／明日」ライトヴィジョン　沢井プロ　創映新社
43,1988,日本映画優秀賞,4,,敦煌,日本映画優秀賞	「敦煌」大映　電通　丸紅
43,1988,監督賞,5,大林宣彦,異人たちとの夏,監督賞	大林宣彦「異人たちとの夏」松竹映像
43,1988,脚本賞,6,鎌田敏夫,いこかもどろか,脚本賞	鎌田敏夫「いこかもどろか」東京放送
43,1988,男優主演賞,7,ハナ肇,会社物語 MEMORIES OF YOU,男優主演賞	ハナ 肇「会社物語 MEMORIES OF YOU」日本テレビ放送網　SEDIC　坂本音楽事務所
43,1988,女優主演賞,8,小泉今日子,快盗ルビイ,女優主演賞	小泉今日子「快盗ルビイ」ビクター音楽産業　サンダンス・カンパニー
43,1988,男優助演賞,9,大地康雄,"マルサの女2,バカヤロー！私、怒ってます,ほんの5g",男優助演賞	大地康雄「マルサの女2」伊丹プロダクション、「バカヤロー！私、怒ってます」光和インターナショナル、「ほんの5g」SEDIC他
43,1988,女優助演賞,10,秋吉久美子,異人たちとの夏,女優助演賞	秋吉久美子「異人たちとの夏」松竹映像
43,1988,撮影賞,11,林淳一郎,"嵐が丘,郷愁",撮影賞	林 淳一郎「嵐が丘」西友　西武セゾングループ　MEDIACTUEL、「郷愁」プロジェクト・エー　アクターズプロモーション　中島丈博
43,1988,美術賞,12,内藤昭,"TOMORROW／明日,敦煌",美術賞	内藤 昭「TOMORROW／明日」ライトヴィジョン　沢井プロ　創映新社、「敦煌」大映　電通　丸紅
43,1988,音楽賞,13,義野裕明,ロックよ、静かに流れよ,音楽賞	義野裕明「ロックよ、静かに流れよ」プルミエ・インターナショナル　ジャニーズ事務所
43,1988,録音賞,14,辻井一郎,ぼくらの七日間戦争,録音賞	辻井一郎「ぼくらの七日間戦争」角川春樹事務所
43,1988,ニュース映画賞,15,,,ニュース映画賞	毎日ニュース1472号「今なお苦悩は続く―土呂久公害70年」毎日映画社
43,1988,大藤信郎賞,16,,,大藤信郎賞	「となりのトトロ」におけるアニメーション作家としての宮崎駿のオリジナリティーに対して
43,1988,スポニチグランプリ新人賞,17,,,スポニチグランプリ新人賞	男闘呼組「ロックよ、静かに流れよ」
43,1988,スポニチグランプリ新人賞,18,,,スポニチグランプリ新人賞	片岡鶴太郎「異人たちとの夏」
43,1988,スポニチグランプリ新人賞,19,,,スポニチグランプリ新人賞	宮沢りえ「ぼくらの七日間戦争」
43,1988,外国映画ベストワン賞,20,,,外国映画ベストワン賞	「戦場の小さな天使たち」コロムビア映画配給
43,1988,日本映画ファン賞,21,,,日本映画ファン賞	「快盗ルビイ」ビクター音楽産業サンダンス・カンパニー
43,1988,田中絹代賞,22,,,田中絹代賞	岩下志麻
44,1989,日本映画大賞,0,,黒い雨,
44,1989,日本映画優秀賞,1,,社葬,日本映画優秀賞	「社葬」東映
44,1989,日本映画優秀賞,2,,千利休　本覺坊遺文,日本映画優秀賞	「千利休　本覺坊遺文」西友
44,1989,日本映画優秀賞,3,,どついたるねん,日本映画優秀賞	「どついたるねん」荒戸源次郎事務所
44,1989,日本映画優秀賞,4,,利休,日本映画優秀賞	「利休」勅使河原プロ　松竹映像　伊藤忠商事　博報堂
44,1989,監督賞,5,舛田利雄,社葬,監督賞	舛田利雄「社葬」東映
44,1989,脚本賞,6,松田寛夫,社葬,脚本賞	松田寛夫「社葬」東映
44,1989,男優主演賞,7,三國連太郎,"利休,釣りバカ日誌2",男優主演賞	三國連太郎「利休」勅使河原プロ　松竹映像　伊藤忠商事　博報堂、「釣りバカ日誌2」松竹映像
44,1989,女優主演賞,8,田中好子,"黒い雨,ゴジラVSビオランテ",女優主演賞	田中好子「黒い雨」今村プロ　林原グループ、「ゴジラVSビオランテ」東宝映画
44,1989,男優助演賞,9,原田芳雄,"どついたるねん,出張,キスより簡単,夢見通りの人々",男優助演賞	原田芳雄「どついたるねん」荒戸源次郎事務所、「出張」URBAN21、「キスより簡単」若松プロダクション　バンダイ　鎌倉ステーション、「夢見通りの人々」松竹映像
44,1989,女優助演賞,10,相楽晴子,"どついたるねん,ハラスのいた日々",女優助演賞	相楽晴子「どついたるねん」荒戸源次郎事務所、「ハラスのいた日々」松竹映像
44,1989,撮影賞,11,森田富士郎,利休,撮影賞	森田富士郎「利休」勅使河原プロ　松竹映像　伊藤忠商事　博報堂
44,1989,美術賞,12,稲垣尚夫,黒い雨,美術賞	稲垣尚夫「黒い雨」今村プロ　林原グループ
44,1989,音楽賞,13,上野耕路,ウンタマギルー,音楽賞	上野耕路「ウンタマギルー」パルコ
44,1989,録音賞,14,"横溝正俊,林昌平",北京的西瓜,録音賞	横溝正俊　林 昌平「北京的西瓜」マックスダイ　ピー・エス・シー
44,1989,記録文化映画賞,15,［1989年設定・教育文化映画賞とニュース映画賞を統合］,"有明海の干潟漁,脱原発元年",記録文化映画賞	［1989年設定・教育文化映画賞とニュース映画賞を統合］	「有明海の干潟漁」桜映画社「脱原発元年」幻燈社
44,1989,大藤信郎賞,16,,,大藤信郎賞	該当作品なし
44,1989,スポニチグランプリ新人賞,17,,,スポニチグランプリ新人賞	阪本順治「どついたるねん」荒戸源次郎事務所
44,1989,スポニチグランプリ新人賞,18,,,スポニチグランプリ新人賞	川原亜矢子「キッチン」光和インターナショナル
44,1989,スポニチグランプリ新人賞,19,,,スポニチグランプリ新人賞	赤井英和「どついたるねん」荒戸源次郎事務所
44,1989,外国映画ベストワン賞,20,,,外国映画ベストワン賞	「ニュー・シネマ・パラダイス」ヘラルド・エース配給
44,1989,日本映画ファン賞,21,,,日本映画ファン賞	「あ・うん」東宝映画　フィルムフェイス
44,1989,外国映画ファン賞,22,［1989年設定］,レインマン,外国映画ファン賞	［1989年設定］	「レインマン」UIP配給
44,1989,アニメーション映画賞,23,,魔女の宅急便,アニメーション映画賞	［1989年設定］	「魔女の宅急便」徳間書店　ヤマト運輸　日本テレビ
44,1989,田中絹代賞,24,,,田中絹代賞	十朱幸代
45,1990,日本映画大賞,0,,少年時代,
45,1990,日本映画優秀賞,1,,櫻の園,日本映画優秀賞	「櫻の園」NCP　サントリー
45,1990,日本映画優秀賞,2,,夢,日本映画優秀賞	「夢」黒澤プロダクション
45,1990,日本映画優秀賞,3,,死の棘,日本映画優秀賞	「死の棘」松竹
45,1990,日本映画優秀賞,4,,白い手,日本映画優秀賞	「白い手」関西テレビ放送
45,1990,監督賞,5,市川準,つぐみ,監督賞	市川 準「つぐみ」松竹富士他
45,1990,脚本賞,6,山田太一,"少年時代,少年時代",脚本賞	山田太一「少年時代」 「少年時代」製作委員会
45,1990,男優主演賞,7,古尾谷雅人,"宇宙の法則,パチンコ物語",男優主演賞	古尾谷雅人「宇宙の法則」プロジェクト・アルシェ、「パチンコ物語」五稜プロモーション
45,1990,女優主演賞,8,松坂慶子,死の棘,女優主演賞	松坂慶子「死の棘」松竹
45,1990,男優助演賞,9,石橋蓮司,"浪人街,われに撃つ用意あり",男優助演賞	石橋蓮司「浪人街」山田洋行ライトヴィジョン他、「われに撃つ用意あり」松竹　若松プロダクション
45,1990,女優助演賞,10,つみきみほ,櫻の園,女優助演賞	つみきみほ「櫻の園」NCPサントリー
45,1990,撮影賞,11,"斎藤孝雄,上田正治",夢,撮影賞	斎藤孝雄　上田正治「夢」黒澤プロダクション
45,1990,美術賞,12,内藤昭,"浪人街,流転の海,遺産相続",美術賞	内藤 昭「浪人街」山田洋行ライトヴィジョン他、「流転の海」日本テレビ放送網、「遺産相続」東映
45,1990,音楽賞,13,池辺晋一郎,"夢,少年時代,少年時代",音楽賞	池辺晋一郎「夢」黒澤プロダクション、「少年時代」 「少年時代」製作委員会
45,1990,録音賞,14,西崎英雄,"死の棘,少年時代,少年時代",録音賞	西崎英雄「死の棘」松竹、「少年時代」 「少年時代」製作委員会
45,1990,記録文化映画賞,15,,,記録文化映画賞	長編：「瀬戸大橋」山陽映画　海洋架橋調査会
45,1990,記録文化映画賞,16,,,記録文化映画賞	短編：「ヒロシマ・母たちの祈り」日本映画新社
45,1990,特別賞,17,,,特別賞	笠 智衆演技者として多年にわたる日本映画への功績に対して
45,1990,故・岡本忠成日本のアニメーション映画の発展に寄与した業績に対して,18,,,故・岡本忠成日本のアニメーション映画の発展に寄与した業績に対して
45,1990,大藤信郎賞,19,,,大藤信郎賞	川本喜八郎「いばら姫またはねむり姫」(今日）
45,1990,スポニチグランプリ新人賞,20,,,スポニチグランプリ新人賞	牧瀬里穂「つぐみ」松竹富士他、「東京上空いらっしゃいませ」ディレクターズ・カンパニー他
45,1990,スポニチグランプリ新人賞,21,,,スポニチグランプリ新人賞	松岡錠司「バタアシ金魚」日本ビクター
45,1990,外国映画ベストワン賞,22,,,外国映画ベストワン賞	「悲情城市」フランス映画社　ぴあ配給
45,1990,日本映画ファン賞,23,,,日本映画ファン賞	「天と地と」角川春樹事務所
45,1990,外国映画ファン賞,24,,,外国映画ファン賞	「ゴースト…ニューヨークの幻」UIP配給
45,1990,アニメーション映画賞,25,,走れ白いオオカミ,アニメーション映画賞	「走れ白いオオカミ」グループ・タック　東宝
45,1990,田中絹代賞,26,,,田中絹代賞	岸 恵子
46,1991,日本映画大賞,0,,息子,
46,1991,日本映画優秀賞,1,,"大誘拐,大誘拐",日本映画優秀賞	「大誘拐」「大誘拐」製作委員会
46,1991,日本映画優秀賞,2,,八月の狂詩曲,日本映画優秀賞	「八月の狂詩曲」松竹　黒澤プロダクション
46,1991,日本映画優秀賞,3,,あの夏、いちばん静かな海。,日本映画優秀賞	「あの夏、いちばん静かな海。」オフィス北野　東通
46,1991,日本映画優秀賞,4,,無能の人,日本映画優秀賞	「無能の人」KSS　松竹第一興行
46,1991,監督賞,5,山田洋次,息子,監督賞	山田洋次「息子」松竹映像
46,1991,脚本賞,6,三谷幸喜と東京サンシャインボーイズ,12人の優しい日本人,脚本賞	三谷幸喜と東京サンシャインボーイズ「12人の優しい日本人」ニュー・センチュリー・プロデューサーズ　サントリー　日本テレビ放送網
46,1991,男優主演賞,7,永瀬正敏,"息子,喪の仕事,アジアンビート アイ・ラブ・ニッポン",男優主演賞	永瀬正敏「息子」松竹映像、「喪の仕事」ディレクターズ・カンパニー　サントリー、「アジアンビート アイ・ラブ・ニッポン」アジアンビート製作プロジェクト
46,1991,女優主演賞,8,北林谷栄,"大誘拐,大誘拐",女優主演賞	北林谷栄「大誘拐」 「大誘拐」製作委員会
46,1991,男優助演賞,9,三浦友和,"江戸城大乱,仔鹿物語,無能の人",男優助演賞	三浦友和「江戸城大乱」東映　フジテレビジョン、「仔鹿物語」にっかつ撮影所、「無能の人」KSS　松竹第一興行
46,1991,女優助演賞,10,風吹ジュン,無能の人,女優助演賞	風吹ジュン「無能の人」KSS　松竹第一興行
46,1991,撮影賞,11,高羽哲夫,息子,撮影賞	高羽哲夫「息子」松竹映像
46,1991,美術賞,12,春木章,"戦争と青春,戦争と青春",美術賞	春木 章「戦争と青春」こぶしプロダクション　プロデュースセンター　「戦争と青春」製作委員会
46,1991,音楽賞,13,久石譲,"あの夏、いちばん静かな海。,ふたり",音楽賞	久石 譲「あの夏、いちばん静かな海。」オフィス北野　東通、「ふたり」ギャラック　ピー・エス・シー　NHKエンタープライズ
46,1991,録音賞,14,堀内戦治,あの夏、いちばん静かな海。,録音賞	堀内戦治「あの夏、いちばん静かな海。」オフィス北野　東通
46,1991,記録文化映画賞,15,,,記録文化映画賞	長編：「病院はきらいだ―老人の在宅ケアを考えるネットワーク」岩波映画製作所
46,1991,記録文化映画賞,16,,,記録文化映画賞	短編：「世阿弥の能」桜映画社
46,1991,特別賞,17,,,特別賞	故・今井 正日本映画界における功績に対して
46,1991,大藤信郎賞,18,,,大藤信郎賞	「注文の多い料理店」桜映画社　エコー
46,1991,スポニチグランプリ新人賞,19,,,スポニチグランプリ新人賞	石田ひかり「ふたり」ギャラック、ピー・エス・シー　NHKエンタープライズ、「咬みつきたい」東宝　キャストス　MMI、「あいつ」キティ・フィルム　サントリー　NHKエンタープライズ
46,1991,スポニチグランプリ新人賞,20,,,スポニチグランプリ新人賞	竹中直人「無能の人」の監督として　KSS　松竹第一興行
46,1991,スポニチグランプリ新人賞,21,,,スポニチグランプリ新人賞	外国映画ベストワン賞	「ダンス・ウィズ・ウルブズ」東宝東和配給
46,1991,日本映画ファン賞,22,,,日本映画ファン賞	「息子」松竹映像
46,1991,外国映画ファン賞,23,,,外国映画ファン賞	「ターミネーター２」東宝東和配給
46,1991,アニメーション映画賞,24,,老人Ｚ,アニメーション映画賞	「老人Ｚ」東京テアトル　ザ・テレビジョン　ムービック　テレビ朝日　ソニー・ミュージックエンタテインメント
46,1991,田中絹代賞,25,,,田中絹代賞	樋口可南子
46,1991,最優秀賞,26,,,最優秀賞	東宝東和「ターミネーター2」
46,1991,優秀賞,27,,,優秀賞	松竹「八月の狂詩曲」
46,1991,優秀賞,28,,,優秀賞	東宝「大誘拐」
46,1991,優秀賞,29,,,優秀賞	松竹富士「無能の人」
47,1992,日本映画大賞,0,,シコふんじゃった。,
47,1992,日本映画優秀賞,1,,青春デンデケデケデケ,日本映画優秀賞	「青春デンデケデケデケ」ギャラックプレミアム　ピー・エス・シー　リバティフォックス
47,1992,日本映画優秀賞,2,,橋のない川,日本映画優秀賞	「橋のない川」ガレリア　西友
47,1992,日本映画優秀賞,3,,死んでもいい,日本映画優秀賞	「死んでもいい」アルゴプロジェクト　サントリー
47,1992,日本映画優秀賞,4,,遠き落日,日本映画優秀賞	「遠き落日」テレビ朝日　東急グループ　松竹グループ
47,1992,監督賞,5,東陽一,橋のない川,監督賞	東 陽一「橋のない川」ガレリア　西友
47,1992,脚本賞,6,丸山昇一,いつかギラギラする日,脚本賞	丸山昇一「いつかギラギラする日」日本テレビ　バンダイ　松竹第一興行
47,1992,男優主演賞,7,長塚京三,"ザ・中学教師,ひき逃げファミリー",男優主演賞	長塚京三「ザ・中学教師」メリエス　サントリー、「ひき逃げファミリー」キティ・フィルム　サントリー
47,1992,女優主演賞,8,藤谷美和子,"寝盗られ宗介,女殺油地獄",女優主演賞	藤谷美和子「寝盗られ宗介」バンダイ、「女殺油地獄」フジテレビ　京都映画
47,1992,男優助演賞,9,村田雄浩,"ミンボーの女,おこげ",男優助演賞	村田雄浩「ミンボーの女」ITAMI FILMS INC.、「おこげ」イントグループ映画製作委員会
47,1992,女優助演賞,10,乙羽信子,濹東綺譚,女優助演賞	乙羽信子「濹東綺譚」近代映画協会
47,1992,撮影賞,11,川上皓市,橋のない川,撮影賞	川上皓市「橋のない川」ガレリア　西友
47,1992,美術賞,12,内藤昭,"橋のない川,寒椿",美術賞	内藤 昭「橋のない川」ガレリア　西友、「寒椿」東映京都撮影所
47,1992,音楽賞,13,久石譲,"紅の豚,青春デンデケデケデケ",音楽賞	久石 譲「紅の豚」徳間書店　日本航空　日本テレビ　スタジオジブリ、「青春デンデケデケデケ」ギャラック プレミアム　ピー・エス・シー　リバティフォックス
47,1992,録音賞,14,本田孜,死んでもいい,録音賞	本田 孜「死んでもいい」アルゴプロジェクト　サントリー
47,1992,記録文化映画賞,15,,,記録文化映画賞	長編：「琵琶法師 山鹿良之」オフィスケイエス
47,1992,記録文化映画賞,16,,,記録文化映画賞	短編：「ある同姓同名者からの手紙」シネマボックス
47,1992,特別賞,17,,,特別賞	田中友幸昭和29年製作の「ゴジラ」以来、今日に至る「ゴジラ」シリーズを手がけるなど多年にわたる映画製作活動に対して
47,1992,特別賞,18,,,特別賞	故・大黒東洋士評論活動を通じて多年にわたる日本映画界への功績に対して
47,1992,大藤信郎賞,19,,,大藤信郎賞	該当者なし
47,1992,スポニチグランプリ新人賞,20,,,スポニチグランプリ新人賞	墨田ユキ「濹東綺譚」近代映画協会
47,1992,スポニチグランプリ新人賞,21,,,スポニチグランプリ新人賞	大森嘉之「青春デンデケデケデケ」ギャラックプレミアム　ピー・エス・シー　リバティフォックス、「濹東綺譚」近代映画協会、「湾岸バッド・ボーイ・ブル ー」ケイエスエス　TBS
47,1992,外国映画ベストワン賞,22,,,外国映画ベストワン賞	「JFK」ワーナー・ブラザース映画配給
47,1992,日本映画ファン賞,23,,,日本映画ファン賞	「シコふんじゃった。」大映　キャビン
47,1992,外国映画ファン賞,24,,,外国映画ファン賞	「JFK」ワーナー・ブラザース映画配給
47,1992,アニメーション映画賞,25,,紅の豚,アニメーション映画賞	「紅の豚」徳間書店　日本航空　日本テレビ　スタジオジブリ
47,1992,田中絹代賞,26,,,田中絹代賞	大竹しのぶ
47,1992,最優秀賞,27,,,最優秀賞	松竹「遠き落日」
47,1992,優秀賞,28,,,優秀賞	日本ヘラルド「氷の微笑」
47,1992,優秀賞,29,,,優秀賞	東宝「ミンボーの女」
47,1992,優秀賞,30,,,優秀賞	松竹「いつかギラギラする日」
48,1993,日本映画大賞,0,,月はどっちに出ている。,
48,1993,日本映画優秀賞,1,,お引越し,日本映画優秀賞	「お引越し」読売テレビ
48,1993,日本映画優秀賞,2,,学校,日本映画優秀賞	「学校」松竹　日本テレビ　住友商事
48,1993,日本映画優秀賞,3,,"病院で死ぬということ,病院で死ぬということ",日本映画優秀賞	「病院で死ぬということ」映画「病院で死ぬということ」製作委員会
48,1993,日本映画優秀賞,4,,僕らはみんな生きている,日本映画優秀賞	「僕らはみんな生きている」松竹
48,1993,監督賞,5,市川準,"病院で死ぬということ,病院で死ぬということ",監督賞	市川 準「病院で死ぬということ」映画「病院で死ぬということ」製作委員会
48,1993,脚本賞,6,"崔洋一,鄭義信",月はどっちに出ている,脚本賞	崔 洋一　鄭 義信「月はどっちに出ている」シネカノン
48,1993,脚本賞,7,松山善三,"虹の橋,望郷",脚本賞	松山善三「虹の橋」小川企画、「望郷」斎藤耕一プロダクション
48,1993,男優主演賞,8,岸谷五朗,月はどっちに出ている,男優主演賞	岸谷五朗「月はどっちに出ている」シネカノン
48,1993,女優主演賞,9,ルビー・モレノ,月はどっちに出ている,女優主演賞	ルビー・モレノ「月はどっちに出ている」シネカノン
48,1993,男優助演賞,10,田中健,望郷,男優助演賞	田中 健「望郷」斎藤耕一プロダクション
48,1993,女優助演賞,11,桜田淳子,お引越し,女優助演賞	桜田淳子「お引越し」読売テレビ
48,1993,撮影賞,12,浜田毅,僕らはみんな生きている,撮影賞	浜田 毅「僕らはみんな生きている」松竹
48,1993,美術賞,13,間野重雄,"病院で死ぬということ,病院で死ぬということ,望郷",美術賞	間野重雄「病院で死ぬということ」映画「病院で死ぬということ」製作委員会、「望郷」斎藤耕一プロダクション
48,1993,音楽賞,14,佐藤勝,わが愛の譜　滝廉太郎物語,音楽賞	佐藤 勝「わが愛の譜　滝廉太郎物語」東映　日本テレビ
48,1993,録音賞,15,"堀池美夫,格畑學",わが愛の譜　滝廉太郎物語,録音賞	堀池美夫　格畑 學「わが愛の譜　滝廉太郎物語」東映　日本テレビ
48,1993,録音賞,16,橋本泰夫,"病院で死ぬということ,病院で死ぬということ",録音賞	橋本泰夫「病院で死ぬということ」映画「病院で死ぬということ」製作委員会
48,1993,記録文化映画賞,17,,,記録文化映画賞	長編：「免田栄 獄中の生」シグロ
48,1993,記録文化映画賞,18,,,記録文化映画賞	短編：「アイヌ文化を伝承する人々 第５巻～キナタ・テケカラペ・トゥイタハ～」札幌映像プロダクション
48,1993,特別賞,19,,,特別賞	故・川喜多かしこ永年にわたる日本映画の海外紹介と映画文化の国際交流に対する貢献
48,1993,大藤信郎賞,20,,,大藤信郎賞	たむらしげる「銀河の魚」ソニー・ミュージックエンタテインメント　愛があれば大丈夫　ソニー
48,1993,スポニチグランプリ新人賞,21,,,スポニチグランプリ新人賞	田畑智子「お引越し」読売テレビ
48,1993,スポニチグランプリ新人賞,22,,,スポニチグランプリ新人賞	袴田吉彦「二十才の微熱」ぴあ　ポニーキャニオン
48,1993,外国映画ベストワン賞,23,,,外国映画ベストワン賞	「許されざる者」ワーナー・ブラザース映画配給
48,1993,日本映画ファン賞,24,,,日本映画ファン賞	「学校」松竹　日本テレビ　住友商事
48,1993,外国映画ファン賞,25,,,外国映画ファン賞	「ジュラシック・パーク」UIP配給
48,1993,アニメーション映画賞,26,,機動警察パトレイバー2 the Movie,アニメーション映画賞	「機動警察パトレイバー2 the Movie」バンダイビジュアル　東北新社　イング
48,1993,田中絹代賞,27,,,田中絹代賞	香川京子
48,1993,最優秀賞,28,,,最優秀賞	UIP「幸福の条件」
48,1993,優秀賞,29,,,優秀賞	東宝「高校教師」
48,1993,優秀賞,30,,,優秀賞	松竹「学校」
49,1994,日本映画大賞,0,,全身小説家,
49,1994,日本映画優秀賞,1,,居酒屋ゆうれい,日本映画優秀賞	「居酒屋ゆうれい」サントリー　テレビ朝日　東北新社　キティ・フィルム
49,1994,日本映画優秀賞,2,,119,日本映画優秀賞	「119」松竹　テレビ東京　イメージファクトリー・アイエム
49,1994,日本映画優秀賞,3,,忠臣蔵外伝 四谷怪談,日本映画優秀賞	「忠臣蔵外伝 四谷怪談」松竹
49,1994,日本映画優秀賞,4,,夏の庭 The Friends,日本映画優秀賞	「夏の庭 The Friends」読売テレビ
49,1994,日本映画優秀賞,5,,棒の哀しみ,日本映画優秀賞	「棒の哀しみ」ユニタリー企画　ティー・エム・シー　ヒーロー
49,1994,監督賞,6,神代辰巳,棒の哀しみ,監督賞	神代辰巳「棒の哀しみ」ユニタリー企画　ティー・エム・シー　ヒーロー
49,1994,脚本賞,7,田中陽造,"居酒屋ゆうれい,夏の庭 The Friends",脚本賞	田中陽造「居酒屋ゆうれい」サントリー　テレビ朝日　東北新社　キティ・フィルム、「夏の庭 The Friends」読売テレビ
49,1994,男優主演賞,8,奥田瑛二,"棒の哀しみ,極道記者２",男優主演賞	奥田瑛二「棒の哀しみ」ユニタリー企画　ティー・エム・シー　ヒーロー、「極道記者２」大映
49,1994,女優主演賞,9,吉永小百合,女ざかり,女優主演賞	吉永小百合「女ざかり」松竹
49,1994,男優助演賞,10,中村敦夫,集団左遷,男優助演賞	中村敦夫「集団左遷」東映京都
49,1994,女優助演賞,11,室井滋,居酒屋ゆうれい,女優助演賞	室井 滋「居酒屋ゆうれい」サントリー　テレビ朝日　東北新社　キティ・フィルム
49,1994,撮影賞,12,栢野直樹,800 TWO LAP RUNNERS,撮影賞	栢野直樹「800 TWO LAP RUNNERS」サントリー　ポニーキャニオン　ニュー・センチュリー・プロデューサーズ
49,1994,美術賞,13,井川徳道,東雲楼 女の乱,美術賞	井川徳道「東雲楼 女の乱」東映京都
49,1994,音楽賞,14,梅林茂,"居酒屋ゆうれい,トカレフ",音楽賞	梅林 茂「居酒屋ゆうれい」サントリー　テレビ朝日　東北新社　キティ・フィルム、「トカレフ」サントリー　バンダイビジュアル　荒戸源次郎事務所
49,1994,録音賞,15,柿澤潔,"棒の哀しみ,トカレフ",録音賞	柿澤 潔「棒の哀しみ」ユニタリー企画　ティー・エム・シー　ヒーロー、「トカレフ」サントリー　バンダイビジュアル　荒戸源次郎事務所
49,1994,記録文化映画賞,16,,,記録文化映画賞	長編：「渡り川」渡り川製作委員会
49,1994,記録文化映画賞,17,,,記録文化映画賞	短編：「十三代今右衛門 薄墨の美」桜映画社
49,1994,スポニチグランプリ新人賞,18,,,スポニチグランプリ新人賞	野村祐人「800 TWO LAP RUNNERS」サントリー　ポニーキャニオン　ニュー・センチュリー・プロデューサーズ
49,1994,スポニチグランプリ新人賞,19,,,スポニチグランプリ新人賞	鈴木砂羽「愛の新世界」Gカンパニー　東亜興行
49,1994,外国映画ベストワン賞,20,,,外国映画ベストワン賞	「さらば、わが愛／覇王別姫」ヘラルド・エース配給
49,1994,日本映画ファン賞,21,,,日本映画ファン賞	「四十七人の刺客」東宝　日本テレビ放送網　サントリー
49,1994,外国映画ファン賞,22,,,外国映画ファン賞	「シンドラーのリスト」UIP配給
49,1994,アニメーション映画賞,23,,平成狸合戦ぽんぽこ,アニメーション映画賞	「平成狸合戦ぽんぽこ」徳間書店　日本テレビ放送網　博報堂　スタジオジブリ
49,1994,大藤信郎賞,24,,,大藤信郎賞	該当作品なし
49,1994,田中絹代賞,25,,,田中絹代賞	久我美子
49,1994,最優秀賞,26,,,最優秀賞	東映「超能力者　未知への旅人」
49,1994,優秀賞,27,,,優秀賞	松竹「女ざかり」
49,1994,優秀賞,28,,,優秀賞	UIP「シンドラーのリスト」
50,1995,日本映画大賞,0,,午後の遺言状,
50,1995,日本映画優秀賞,1,,藏,日本映画優秀賞	「藏」東映　松プロダクション
50,1995,日本映画優秀賞,2,,写楽,日本映画優秀賞	「写楽」西友　TSUTAYA　堺綜合企画　表現社　テレビ朝日
50,1995,日本映画優秀賞,3,,深い河,日本映画優秀賞	「深い河」深い河製作委員会＝仕事
50,1995,日本映画優秀賞,4,,Love Letter,日本映画優秀賞	「Love Letter」フジテレビジョン
50,1995,監督賞,5,新藤兼人,午後の遺言状,監督賞	新藤兼人「午後の遺言状」近代映画協会
50,1995,脚本賞,6,橋口亮輔,渚のシンドバッド,脚本賞	橋口亮輔「渚のシンドバッド」東宝　ぴあ
50,1995,男優主演賞,7,役所広司,KAMIKAZE TAXI,男優主演賞	役所広司「KAMIKAZE TAXI」ポニーキャニオン
50,1995,女優主演賞,8,杉村春子,午後の遺言状,女優主演賞	杉村春子「午後の遺言状」近代映画協会
50,1995,男優助演賞,9,松方弘樹,藏,男優助演賞	松方弘樹「藏」東映　松プロダクション
50,1995,女優助演賞,10,鰐淵晴子,"遙かな時代の階段を,東京デラックス,眠れる美女",女優助演賞	鰐淵晴子「遙かな時代の階段を」フォーライフレコード　映像探偵社、「東京デラックス」アミューズ　シネカノン、「眠れる美女」横山博人プロダクション
50,1995,撮影賞,11,鈴木達夫,写楽,撮影賞	鈴木達夫「写楽」西友　TSUTAYA　堺綜合企画　表現社　テレビ朝日
50,1995,美術賞,12,竹中和雄,あした,美術賞	竹中和雄「あした」アミューズ　ピー・エス・シー　IMAGICA　プライド・ワン
50,1995,音楽賞,13,陳明章,幻の光,音楽賞	陳 明章「幻の光」テレビマンユニオン
50,1995,録音賞,14,瀬川徹夫,"写楽,緊急呼出し エマージェンシー・コール",録音賞	瀬川徹夫「写楽」西友　TSUTAYA　堺綜合企画　表現社　テレビ朝日、「緊急呼出し エマージェンシー・コール」プルミエ・インターナショナル
50,1995,記録文化映画賞,15,,,記録文化映画賞	長編：「奈緒ちゃん」奈緒ちゃん製作委員会　デコ企画
50,1995,記録文化映画賞,16,,,記録文化映画賞	短編：「映像評伝 朝永振一郎」朝永振一郎伝記映画製作委員会　山陽映画
50,1995,スポニチグランプリ新人賞,17,,,スポニチグランプリ新人賞	一色紗英「藏」東映　松プロダクション
50,1995,スポニチグランプリ新人賞,18,,,スポニチグランプリ新人賞	江角マキコ「幻の光」テレビマンユニオン
50,1995,スポニチグランプリ新人賞,19,,,スポニチグランプリ新人賞	室賀 厚「SCORE」Team Okuyama
50,1995,外国映画ベストワン賞,20,,,外国映画ベストワン賞	「ショーシャンクの空に」松竹富士配給
50,1995,日本映画ファン賞,21,,,日本映画ファン賞	「藏」東映　松プロダクション
50,1995,外国映画ファン賞,22,,,外国映画ファン賞	「マディソン郡の橋」ワーナー・ブラザース映画配給
50,1995,アニメーション映画賞,23,,ユンカース・カム・ヒア,アニメーション映画賞	「ユンカース・カム・ヒア」バンダイビジュアル　角川書店
50,1995,大藤信郎賞,24,,,大藤信郎賞	「MEMORIES」における大友克洋の製作総指揮に対して
50,1995,田中絹代賞,25,,,田中絹代賞	浅丘ルリ子
50,1995,特別賞,26,,,特別賞	故・飯島 正映画評論を確立した功績に対して
50,1995,特別賞,27,,,特別賞	故・乙羽信子日本映画におけるこれまでの優れた演技に対して
50,1995,特別賞,28,,,特別賞	故・高羽哲夫「男はつらいよ」「幸福の黄色いハンカチ」などの優れた撮影に対して
50,1995,特別賞,29,,,特別賞	南 とめ永年にわたる映画のネガ編集に対する功績
50,1995,最優秀賞,30,,,最優秀賞	東映「藏」
50,1995,優秀賞,31,,,優秀賞	20世紀FOX「ダイ・ハード3」
50,1995,優秀賞,32,,,優秀賞	UIP「ウォーターワールド」
51,1996,日本映画大賞,0,,Shall We ダンス？,
51,1996,日本映画優秀賞,1,,絵の中のぼくの村,日本映画優秀賞	「絵の中のぼくの村」シグロ
51,1996,日本映画優秀賞,2,,学校Ⅱ,日本映画優秀賞	「学校Ⅱ」松竹　日本テレビ放送網　住友商事
51,1996,日本映画優秀賞,3,,キッズ・リターン,日本映画優秀賞	「キッズ・リターン」オフィス北野　バンダイビジュアル
51,1996,日本映画優秀賞,4,,"眠る男,眠る男",日本映画優秀賞	「眠る男」群馬県人口200万人記念映画「眠る男」製作委員会
51,1996,監督賞,5,周防正行,Shall We ダンス？,監督賞	周防正行「Shall We ダンス？」
51,1996,脚本賞,6,周防正行,Shall We ダンス？,脚本賞	周防正行「Shall We ダンス？」
51,1996,男優主演賞,7,役所広司,"Shall We ダンス？,眠る男,シャブ極道",男優主演賞	役所広司「Shall We ダンス？」「眠る男」「シャブ極道」
51,1996,女優主演賞,8,高岡早紀,KYOKO,女優主演賞	高岡早紀「KYOKO」
51,1996,男優助演賞,9,吉岡秀隆,学校Ⅱ,男優助演賞	吉岡秀隆「学校Ⅱ」
51,1996,女優助演賞,10,草村礼子,Shall We ダンス？,女優助演賞	草村礼子「Shall We ダンス？」
51,1996,撮影賞,11,丸池納,眠る男,撮影賞	丸池 納「眠る男」
51,1996,美術賞,12,横尾嘉良,眠る男,美術賞	横尾嘉良「眠る男」
51,1996,音楽賞,13,細川俊夫,眠る男,音楽賞	細川俊夫「眠る男」
51,1996,録音賞,14,井上宗一,眠る男,録音賞	井上宗一「眠る男」
51,1996,鈴木,15,,学校Ⅱ,鈴木 功「学校Ⅱ」
51,1996,記録文化映画賞,16,,,記録文化映画賞	長編：「SAWADA 青森からべトナムヘピュリッツァー賞カメラマン沢田教一の生と死」みちのく銀行　グループ現代
51,1996,記録文化映画賞,17,,,記録文化映画賞	短編：「クロウサギの島 奄美の希少動物たち」群像舎
51,1996,スポニチグランプリ新人賞,18,,,スポニチグランプリ新人賞	安藤政信「キッズ・リターン」
51,1996,スポニチグランプリ新人賞,19,,,スポニチグランプリ新人賞	鈴木彩子「アトランタ・ブギ」
51,1996,スポニチグランプリ新人賞,20,,,スポニチグランプリ新人賞	井坂 聡「Focus」
51,1996,外国映画ベストワン賞,21,,,外国映画ベストワン賞	「ユリシーズの瞳」フランス映画社配給
51,1996,日本映画ファン賞,22,,,日本映画ファン賞	「Shall We ダンス？」大映　日本テレビ放送網　博報堂　日本出版販売
51,1996,外国映画ファン賞,23,,,外国映画ファン賞	「インデペンデンス・デイ」20世紀FOX配給
51,1996,アニメーション映画賞,24,,ブラック・ジャック,アニメーション映画賞	「ブラック・ジャック」手塚プロダクション　松竹
51,1996,大藤信郎賞,25,,,大藤信郎賞	「るすばん」N&Gプロダクション
51,1996,田中絹代賞,26,,,田中絹代賞	松坂慶子
51,1996,特別賞,27,,,特別賞	故・渥美 清「男はつらいよ」シリーズなどの演技による日本映画への貢献に対して
51,1996,特別賞,28,,,特別賞	故・小林正樹映画監督として数々の名作を生み出した貢献に対して
51,1996,特別賞,29,,,特別賞	故・佐藤正之長年、映画製作者として活躍、独立プロ運動、毎日映画コンクールの運営にも尽力した功績に対して
51,1996,特別賞,30,,,特別賞	故・藤子・F・不二雄「オバQ」「ドラえもん」など空想味豊かなニメの創作とその映画化、テレビ化に対して
51,1996,特別賞,31,,,特別賞	故・フランキー堺数々の喜劇映画の演技などによる日本映画への貢献に対して
51,1996,特別賞,32,,,特別賞	故・武満 徹映画音楽を通じて数々の名作を生み出した貢献に対して
51,1996,最優秀賞,33,,,最優秀賞	20世紀FOX「インデペンデンス・デイ」
51,1996,優秀賞,34,,,優秀賞	ギャガ・コミュニケーションズ「セブン」
51,1996,優秀賞,35,,,優秀賞	松竹「宮澤賢治―その愛―」
51,1996,優秀賞,36,,,優秀賞	日本ヘラルド映画「陽のあたる教室」
52,1997,日本映画大賞,0,,もののけ姫,
52,1997,日本映画優秀賞,1,,うなぎ,日本映画優秀賞	「うなぎ」ケイエスエス　衛星劇場　グルーヴコーポレーション
52,1997,日本映画優秀賞,2,,誘拐,日本映画優秀賞	「誘拐」東宝映画
52,1997,日本映画優秀賞,3,,ラヂオの時間,日本映画優秀賞	「ラヂオの時間」フジテレビジョン　東宝
52,1997,監督賞,4,今村昌平,うなぎ,監督賞	今村昌平「うなぎ」
52,1997,脚本賞,5,三谷幸喜,ラヂオの時間,脚本賞	三谷幸喜「ラヂオの時間」
52,1997,男優主演賞,6,原田芳雄,鬼火,男優主演賞	原田芳雄「鬼火」
52,1997,女優主演賞,7,桃井かおり,東京夜曲,女優主演賞	桃井かおり「東京夜曲」など
52,1997,男優助演賞,8,田口トモロヲ,"うなぎ,鉄塔武蔵野線",男優助演賞	田口トモロヲ「うなぎ」「鉄塔武蔵野線」など
52,1997,女優助演賞,9,倍賞美津子,"東京夜曲,うなぎ",女優助演賞	倍賞美津子「東京夜曲」「うなぎ」
52,1997,撮影賞,10,木村大作,誘拐,撮影賞	木村大作「誘拐」
52,1997,撮影賞,11,田村正毅,"萌の朱雀,2／デュオ",撮影賞	田村正毅「萌の朱雀」「2／デュオ」
52,1997,美術賞,12,小澤秀高,失楽園,美術賞	小澤秀高「失楽園」
52,1997,音楽賞,13,大島ミチル,失楽園,音楽賞	大島ミチル「失楽園」
52,1997,録音賞,14,林鑛一,身も心も,録音賞	林 鑛一「身も心も」
52,1997,記録文化映画賞,15,,,記録文化映画賞	長編：「ルイズ その旅立ち」ルイズ製作委員会　フリー映像プロダクション
52,1997,記録文化映画賞,16,,,記録文化映画賞	短編：「真正粘菌の生活史―進化の謎・変形体を探る―」シネ・ドキュメント
52,1997,スポニチグランプリ新人賞,17,,,スポニチグランプリ新人賞	三谷幸喜「ラヂオの時間」
52,1997,スポニチグランプリ新人賞,18,,,スポニチグランプリ新人賞	広末涼子「20世紀ノスタルジア」
52,1997,スポニチグランプリ新人賞,19,,,スポニチグランプリ新人賞	吉川ひなの「瀬戸内ムーンライト・セレナーデ」
52,1997,外国映画ベストワン賞,20,,,外国映画ベストワン賞	「イングリッシュ・ペイシェント」松竹富士配給
52,1997,日本映画ファン賞,21,,,日本映画ファン賞	「もののけ姫」徳間書店　スタジオジブリ・カンパニー　日本テレビ放送網　電通
52,1997,外国映画ファン賞,22,,,外国映画ファン賞	「メン・イン・ブラック」ソニー・ピクチャーズ配給
52,1997,アニメーション映画賞,23,,もののけ姫,アニメーション映画賞	「もののけ姫」徳間書店　スタジオジブリ・カンパニー　日本テレビ放送網　電通
52,1997,大藤信郎賞,24,,,大藤信郎賞	該当なし
52,1997,田中絹代賞,25,,,田中絹代賞	淡島千景
52,1997,特別賞,26,,,特別賞	故・勝 新太郎「座頭市」などの日本映画を製作、監督、俳優としてリードした功績により
52,1997,特別賞,27,,,特別賞	故・杉村春子小津安二郎監督作品の名演技、「午後の遺言状」の主役などで日本映画に尽くした功績により
52,1997,特別賞,28,,,特別賞	故・姫田真左久「赤い殺意」「キューポラのある街」「戦争と人間」などの名作映画の撮影に対して
52,1997,特別賞,29,,,特別賞	故・三船敏郎黒澤明監督作品などで俳優として国際的な評価を得た功績に対して
52,1997,特別賞,30,,,特別賞	故・萬屋錦之介「宮本武蔵」など時代劇俳優として日本映画に貢献した業績に対して
52,1997,最優秀賞,31,,,最優秀賞	20世紀FOX「タイタニック」
52,1997,優秀賞,32,,,優秀賞	ブエナ ビスタ インターナショナル ジャパン「コン・エアー」
52,1997,優秀賞,33,,,優秀賞	UIP「ロスト・ワールド／ジュラシック・パーク」
53,1998,日本映画大賞,0,,愛を乞うひと,
53,1998,日本映画優秀賞,1,,学校Ⅲ,日本映画優秀賞	「学校Ⅲ」松竹　日本テレビ放送網　住友商事　角川書店　読売新聞社
53,1998,日本映画優秀賞,2,,カンゾー先生,日本映画優秀賞	「カンゾー先生」今村プロダクション　東映　東北新社　角川書店
53,1998,日本映画優秀賞,3,,がんばっていきまっしょい,日本映画優秀賞	「がんばっていきまっしょい」フジテレビジョン　ポニーキャニオン　アルタミラピクチャーズ
53,1998,日本映画優秀賞,4,,HANA-BI,日本映画優秀賞	「HANA-BI」バンダイビジュアル　テレビ東京　TOKYO FM　オフィス北野
53,1998,監督賞,5,平山秀幸,愛を乞うひと,監督賞	平山秀幸「愛を乞うひと」
53,1998,脚本賞,6,中島丈博,"ラブ・レター,あ、春",脚本賞	中島丈博「ラブ・レター」「あ、春」
53,1998,男優主演賞,7,本木雅弘,中国の鳥人,男優主演賞	本木雅弘「中国の鳥人」
53,1998,女優主演賞,8,原田美枝子,愛を乞うひと,女優主演賞	原田美枝子「愛を乞うひと」
53,1998,男優助演賞,9,大杉漣,"HANA-BI,犬、走る DOG RACE",男優助演賞	大杉 漣「HANA-BI」「犬、走る DOG RACE」など
53,1998,女優助演賞,10,余貴美子,"学校Ⅲ,あ、春",女優助演賞	余 貴美子「学校Ⅲ」「あ、春」など
53,1998,撮影賞,11,山本英夫,"HANA-BI,中国の鳥人",撮影賞	山本英夫「HANA-BI」「中国の鳥人」など
53,1998,美術賞,12,中澤克巳,愛を乞うひと,美術賞	中澤克巳「愛を乞うひと」
53,1998,美術賞,13,丸尾知行,CURE,美術賞	丸尾知行「CURE」
53,1998,音楽賞,14,山下洋輔,カンゾー先生,音楽賞	山下洋輔「カンゾー先生」
53,1998,録音賞,15,郡弘道,がんばっていきまっしょい,録音賞	郡 弘道「がんばっていきまっしょい」
53,1998,記録文化映画賞,16,,,記録文化映画賞	長編：「見えない壁を越えて」中山映画
53,1998,記録文化映画賞,17,,,記録文化映画賞	短編：「文楽への誘い」桜映画社
53,1998,スポニチグランプリ新人賞,18,,,スポニチグランプリ新人賞	田中麗奈「がんばっていきまっしょい」
53,1998,スポニチグランプリ新人賞,19,,,スポニチグランプリ新人賞	中野裕之「SF サムライ・フィクション」
53,1998,スポニチグランプリ新人賞,20,,,スポニチグランプリ新人賞	唯野未歩子「フレンチドレッシング」
53,1998,外国映画ベストワン賞,21,,,外国映画ベストワン賞	「L.A.コンフィデンシャル」日本ヘラルド映画配給
53,1998,日本映画ファン賞,22,,,日本映画ファン賞	「踊る大捜査線 THE MOVIE」フジテレビジョン
53,1998,外国映画ファン賞,23,,,外国映画ファン賞	「タイタニック」20世紀FOX配給
53,1998,アニメーション映画賞,24,,ドラえもん のび太の南海大冒険,アニメーション映画賞	「ドラえもん のび太の南海大冒険」シンエイ動画　小学館　テレビ朝日
53,1998,大藤信郎賞,25,,,大藤信郎賞	「水の精 河童百図」白組
53,1998,田中絹代賞,26,,,田中絹代賞	藤村志保
53,1998,特別賞,27,,,特別賞	故・木下恵介「二十四の瞳」などの名作を監督し、日本映画のために尽くした功績に対して
53,1998,特別賞,28,,,特別賞	故・黒澤 明「七人の侍」など傑作30本の監督を通じ、日本映画の名を海外にまで高め、世界のクロサワと呼ばれた功績に対して
53,1998,特別賞,29,,,特別賞	故・碧川道夫わが国映画撮影の先駆者としての功績に対して
53,1998,特別賞,30,,,特別賞	故・宮島義勇映画撮影技師として日本的リアリズムの手法を確立した功績に対して
53,1998,特別賞,31,,,特別賞	故・淀川長治評論活動を通じて映画の魅力を伝え、映画普及に尽力した功績に対して
53,1998,最優秀賞,32,,,最優秀賞	日本ヘラルド映画「L.A.コンフィデンシャル」
53,1998,優秀賞,33,,,優秀賞	東映「時雨の記」
53,1998,優秀賞,34,,,優秀賞	UIP「プライベート・ライアン」
54,1999,日本映画大賞,0,,鉄道員（ぽっぽや）,
54,1999,日本映画優秀賞,1,,菊次郎の夏,日本映画優秀賞	「菊次郎の夏」バンダイビジュアル　TOKYO FM　日本ヘラルド映画　オフィス北野
54,1999,日本映画優秀賞,2,,金融腐蝕列島〔呪縛〕,日本映画優秀賞	「金融腐蝕列島〔呪縛〕」東映　角川書店　産経新聞社
54,1999,日本映画優秀賞,3,,39〔刑法第三十九条〕,日本映画優秀賞	「39〔刑法第三十九条〕」光和インターナショナル　松竹
54,1999,日本映画優秀賞,4,,M/OTHER,日本映画優秀賞	「M/OTHER」WOWOW　バンダイビジュアル
54,1999,監督賞,5,森田芳光,39〔刑法第三十九条〕,監督賞	森田芳光「39〔刑法第三十九条〕」
54,1999,脚本賞,6,"諏訪敦彦,三浦友和,渡辺真起子",M/OTHER,脚本賞	諏訪敦彦　三浦友和　渡辺真起子「M/OTHER」のダイアローグによる脚本に対して
54,1999,男優主演賞,7,小林桂樹,あの、夏の日 とんでろ じいちゃん,男優主演賞	小林桂樹「あの、夏の日 とんでろ じいちゃん」
54,1999,女優主演賞,8,大竹しのぶ,"生きたい,鉄道員(ぽっぽや),黒い家",女優主演賞	大竹しのぶ「生きたい」「鉄道員(ぽっぽや)」「黒い家」
54,1999,男優助演賞,9,ヨシ笈田,あつもの,男優助演賞	ヨシ笈田「あつもの」
54,1999,女優助演賞,10,小島聖,あつもの,女優助演賞	小島 聖「あつもの」
54,1999,撮影賞,11,阪本善尚,金融腐蝕列島〔呪縛〕,撮影賞	阪本善尚「金融腐蝕列島〔呪縛〕」
54,1999,美術賞,12,"磯見俊裕,郡司英雄",ワンダフルライフ,美術賞	磯見俊裕　郡司英雄「ワンダフルライフ」
54,1999,音楽賞,13,鈴木治行,M/OTHER,音楽賞	鈴木治行「M/OTHER」
54,1999,録音賞,14,橋本泰夫,"大阪物語,ガメラ3 邪神(イリス)覚醒",録音賞	橋本泰夫「大阪物語」「ガメラ3 邪神(イリス)覚醒」
54,1999,技術賞,15,川島章正(編集),金融腐蝕列島〔呪縛〕,技術賞	川島章正(編集)「金融腐蝕列島〔呪縛〕」
54,1999,技術賞,16,粟木原毅(照明),催眠,技術賞	粟木原 毅(照明)「催眠」
54,1999,記録文化映画賞,17,,,記録文化映画賞	長編:「続『住民が選択した町の福祉』問題はこれからです」自由工房
54,1999,記録文化映画賞,18,,,記録文化映画賞	短編:「狂言・野村万蔵―技とこころ」桜映画社
54,1999,スポニチグランプリ新人賞,19,,,スポニチグランプリ新人賞	忍足亜希子「アイ・ラヴ・ユー」
54,1999,スポニチグランプリ新人賞,20,,,スポニチグランプリ新人賞	池脇千鶴「大阪物語」
54,1999,スポニチグランプリ新人賞,21,,,スポニチグランプリ新人賞	塩田明彦「月光の囁き」「どこまでもいこう」
54,1999,外国映画ベストワン賞,22,,,外国映画ベストワン賞	「恋におちたシェイクスピア」UIP映画配給
54,1999,日本映画ファン賞,23,,,日本映画ファン賞	「鉄道員(ぽっぽや)」「鉄道員」製作委員会
54,1999,外国映画ファン賞,24,,,外国映画ファン賞	「マトリックス」ワーナー・ブラザース映画配給
54,1999,アニメーション映画賞,25,,人狼 JIN-ROH,アニメーション映画賞	「人狼 JIN-ROH」バンダイビジュアル　プロダクション・アイジー
54,1999,大藤信郎賞,26,,,大藤信郎賞	「老人と海」におけるアレクサンドル・ペトロフと技術スタッフに対してIMAGICA　NHKエンタープライズ21　電通テック
54,1999,田中絹代賞,27,,,田中絹代賞	富司純子
54,1999,特別賞,28,,,特別賞	故・佐藤 勝黒澤明監督作品をはじめとする数々の映画音楽を作曲し、日本における映画音楽の質を高めた功績に対して
54,1999,特別賞,29,,,特別賞	故・宮川一夫「羅生門」「雨月物語」などの名作の撮影を通じて、日本映画のクオリティーの高さを内外に認識させた功績に対して
54,1999,特別賞,30,,,特別賞	故・持永只仁戦後初の１コマ撮り人形アニメを創造、かつ多くの後継者を育成した功績に対して
54,1999,最優秀賞,31,,,最優秀賞	東映「鉄道員(ぽっぽや)」
54,1999,優秀賞,32,,,優秀賞	ワーナー・ブラザース映画「マトリックス」
54,1999,優秀賞,33,,,優秀賞	東宝東和「シックス・センス」
54,1999,優秀賞,34,,,優秀賞	20世紀FOX「スター・ウォーズ エピソード1 ファントム・メナス」
55,2000,日本映画大賞,0,,顔,
55,2000,日本映画優秀賞,1,,"雨あがる,雨あがる",日本映画優秀賞	「雨あがる」「雨あがる」製作委員会
55,2000,日本映画優秀賞,2,,御法度,日本映画優秀賞	「御法度」松竹　角川書店　IMAGICA　BS朝日　衛星劇場
55,2000,日本映画優秀賞,3,,十五才 学校Ⅳ,日本映画優秀賞	「十五才 学校Ⅳ」松竹　日本テレビ放送網　住友商事　角川書店　博報堂
55,2000,日本映画優秀賞,4,,ナビィの恋,日本映画優秀賞	「ナビィの恋」イエス・ビジョンズ　オフィス・シロウズ
55,2000,監督賞,5,阪本順治,顔,監督賞	阪本順治「顔」
55,2000,脚本賞,6,"山田洋次,朝間義隆,平松恵美子",十五才 学校Ⅳ,脚本賞	山田洋次　朝間義隆　平松恵美子「十五才 学校Ⅳ」
55,2000,男優主演賞,7,浅野忠信,"地雷を踏んだらサヨウナラ,五条霊戦記／GOJOE,御法度",男優主演賞	浅野忠信「地雷を踏んだらサヨウナラ」「五条霊戦記／GOJOE」「御法度」
55,2000,女優主演賞,8,藤山直美,顔,女優主演賞	藤山直美「顔」
55,2000,男優助演賞,9,香川照之,"独立少年合唱団,スリ",男優助演賞	香川照之「独立少年合唱団」「スリ」
55,2000,女優助演賞,10,松坂慶子,"さくや妖怪伝,本日またまた休診なり",女優助演賞	松坂慶子「さくや妖怪伝」「本日またまた休診なり」
55,2000,撮影賞,11,上田正治,雨あがる,撮影賞	上田正治「雨あがる」
55,2000,美術賞,12,原田満生,"ざわざわ下北沢,顔",美術賞	原田満生「ざわざわ下北沢」「顔」
55,2000,音楽賞,13,磯田健一郎,ナビィの恋,音楽賞	磯田健一郎「ナビィの恋」
55,2000,録音賞,14,橋本文雄,顔,録音賞	橋本文雄「顔」
55,2000,技術賞,15,安藤清人(照明）,長崎ぶらぶら節,技術賞	安藤清人(照明）「長崎ぶらぶら節」
55,2000,技術賞,16,市川崑監督作品,新選組,技術賞	市川崑監督作品「新選組」スタッフに対して
55,2000,記録文化映画賞,17,,,記録文化映画賞	長編：「夢は時をこえて－津田梅子が紡いだ絆」日本映画新社
55,2000,記録文化映画賞,18,,,記録文化映画賞	短編：「江東区の伝統工芸 木挽 林 以一」毎日映画社
55,2000,スポニチグランプリ新人賞,19,,,スポニチグランプリ新人賞	安藤 希「さくや妖怪伝」
55,2000,スポニチグランプリ新人賞,20,,,スポニチグランプリ新人賞	松田龍平「御法度」
55,2000,スポニチグランプリ新人賞,21,,,スポニチグランプリ新人賞	緒方 明「独立少年合唱団」
55,2000,外国映画ベストワン賞,22,,,外国映画ベストワン賞	「スペース カウボーイ」ワーナー・ブラザース映画配給
55,2000,日本映画ファン賞,23,,,日本映画ファン賞	「ホワイトアウト」日本ヘラルド映画　フジテレビ　東宝　日本ビクター　電通　アイ・エヌ・ピー　デスティニー
55,2000,外国映画ファン賞,24,,,外国映画ファン賞	「グリーンマイル」ギャガ　ヒューマックス配給
55,2000,アニメーション映画賞,25,,おばあちゃんの思い出,アニメーション映画賞	「おばあちゃんの思い出」シンエイ動画　小学館　テレビ朝日
55,2000,大藤信郎賞,26,,,大藤信郎賞	「BLOOD THE LAST VAMPIRE」SME・ビジュアルワークス　ソニー・コンピュータエンタテインメント　アイジープラス　情報処理振興事業協会
55,2000,田中絹代賞,27,,,田中絹代賞	原田美枝子
55,2000,特別賞,28,,,特別賞	故・徳間康快大映株式会社社長などを歴任。「未完の対局」「敦煌」などの大作や「風の谷のナウシカ」「もののけ姫」などの優れたアニメを製作、東京国際映画祭のゼネラルプロデューサーとして世界の映画人の交流に尽力した功績に対して
55,2000,特別賞,29,,,特別賞	故・工藤栄一「十三人の刺客」「その後の仁義なき戦い」「野獣刑事」など数々の作品を監督し独特の映像美で観客を魅了した功績に対して
55,2000,特別賞,30,,,特別賞	故・吉村公三郎「安城家の舞踏会」「偽れる盛装」などの名作を監督し近代映画協会の設立に尽力した功績に対して
55,2000,最優秀賞,31,,,最優秀賞	ブエナ ビスタ インターナショナル ジャパン「ターザン」
55,2000,優秀賞,32,,,優秀賞	東映「長崎ぶらぶら節」
55,2000,優秀賞,33,,,優秀賞	20世紀FOX「ファイト・クラブ」
55,2000,優秀賞,34,,,優秀賞	ワーナー・ブラザース映画「パーフェクトストーム」
56,2001,日本映画大賞,0,,千と千尋の神隠し,
56,2001,日本映画優秀賞,1,,ウォーターボーイズ,日本映画優秀賞	「ウォーターボーイズ」フジテレビジョン、アルタミラピクチャーズ、東宝、電通
56,2001,日本映画優秀賞,2,,"GO,GO",日本映画優秀賞	「GO」「GO」製作委員会
56,2001,日本映画優秀賞,3,,日本の黒い夏〔冤罪〕,日本映画優秀賞	「日本の黒い夏〔冤罪〕」日活
56,2001,日本映画優秀賞,4,,"バトル・ロワイアル,バトル・ロワイアル",日本映画優秀賞	「バトル・ロワイアル」「バトル・ロワイアル」製作委員会
56,2001,日本映画優秀賞,5,,"ホタル,ホタル",日本映画優秀賞	「ホタル」「ホタル」製作委員会
56,2001,監督賞,6,宮崎駿,千と千尋の神隠し,監督賞	宮崎駿「千と千尋の神隠し」
56,2001,脚本賞,7,宮藤官九郎,GO,脚本賞	宮藤官九郎「GO」
56,2001,男優主演賞,8,三橋達也,忘れられぬ人々,男優主演賞	三橋達也「忘れられぬ人々」
56,2001,女優主演賞,9,牧瀬里穂,ターン,女優主演賞	牧瀬里穂「ターン」
56,2001,男優助演賞,10,寺島進,"みすゞ,BROTHER,空の穴",男優助演賞	寺島進「みすゞ」「BROTHER」「空の穴」
56,2001,女優助演賞,11,荻野目慶子,三文役者,女優助演賞	荻野目慶子「三文役者」
56,2001,撮影賞,12,藤澤順一,"狗神,ターン,ココニイルコト",撮影賞	藤澤順一「狗神」「ターン」「ココニイルコト」
56,2001,美術賞,13,小川富美夫,"風花,みんなのいえ",美術賞	小川富美夫「風花」「みんなのいえ」
56,2001,音楽賞,14,"久石譲,木村弓",千と千尋の神隠し,音楽賞	久石譲、木村弓「千と千尋の神隠し」
56,2001,録音賞,15,"小野寺修,柿澤潔",陰陽師,録音賞	小野寺修、柿澤潔「陰陽師」
56,2001,技術賞,16,金沢正夫（照明）,"狗神,みすゞ",技術賞	金沢正夫（照明）「狗神」「みすゞ」
56,2001,記録文化映画賞,17,,,記録文化映画賞	長編：「able」ディレクターズシステム
56,2001,記録文化映画賞,18,,,記録文化映画賞	短編：「石を積む―石垣と日本人―」文化工房
56,2001,スポニチグランプリ新人賞,19,,,スポニチグランプリ新人賞	窪塚洋介「GO」
56,2001,スポニチグランプリ新人賞,20,,,スポニチグランプリ新人賞	柴咲コウ「バトル・ロワイアル」「GO」
56,2001,スポニチグランプリ新人賞,21,,,スポニチグランプリ新人賞	長澤雅彦「ココニイルコト」
56,2001,外国映画ベストワン賞,22,,,外国映画ベストワン賞	「山の郵便配達」東宝東和配給
56,2001,日本映画ファン賞,23,,,日本映画ファン賞	「千と千尋の神隠し」徳間書店、スタジオジブリ、日本テレビ、電通、ディズニー、東北新社、三菱商事
56,2001,外国映画ファン賞,24,,,外国映画ファン賞	「A.I.」ワーナー・ブラザース映画配給
56,2001,アニメーション映画賞,25,,千と千尋の神隠し,アニメーション映画賞	「千と千尋の神隠し」徳間書店、スタジオジブリ、日本テレビ、電通、ディズニー、東北新社、三菱商事
56,2001,大藤信郎賞,26,,,大藤信郎賞	「くじらとり」スタジオジブリ
56,2001,田中絹代賞,27,,,田中絹代賞	倍賞美津子
56,2001,特別賞,28,,,特別賞	故・伊藤武郎（独立系プロデューサーの草分けとして「戦争と平和」「真空地帯」などの数々の名作を製作した功績に対して）
56,2001,特別賞,29,,,特別賞	故・相米慎二（「セーラー服と機関銃」「お引越し」「台風クラブ」など数々の優れた作品を監督し観客に強い印象を与えた功績に対して）
56,2001,特別賞,30,,,特別賞	左 幸子（「飢餓海峡」「にっぽん昆虫記」など数々の名作に出演し演技派女優として圧倒的な存在感で観客を魅了した功績に対して）
56,2001,最優秀賞,31,,,最優秀賞	20世紀FOX「PLANET OF THE APES／猿の惑星」
56,2001,優秀賞,32,,,優秀賞	日本ヘラルド映画「13デイズ」
56,2001,優秀賞,33,,,優秀賞	ブエナ ビスタ インターナショナル ジャパン「パール・ハーバー」
56,2001,優秀賞,34,,,優秀賞	ワーナー・ブラザース映画「A.I.」
57,2002,日本映画大賞,0,,たそがれ清兵衛,
57,2002,日本映画優秀賞,1,,OUT,日本映画優秀賞	「OUT」ムービーテレビジョン、サンダンス・カンパニー
57,2002,日本映画優秀賞,2,,"阿弥陀堂だより,阿弥陀堂だより",日本映画優秀賞	「阿弥陀堂だより」「阿弥陀堂だより」製作委員会
57,2002,日本映画優秀賞,3,,"KT,KT",日本映画優秀賞	「KT」「KT」製作委員会
57,2002,日本映画優秀賞,4,,ハッシュ！,日本映画優秀賞	「ハッシュ！」シグロ
57,2002,監督賞,5,平山秀幸,"OUT,笑う蛙",監督賞	平山秀幸「OUT」「笑う蛙」
57,2002,脚本賞,6,鄭義信,OUT,脚本賞	鄭義信「OUT」
57,2002,男優主演賞,7,真田広之,"助太刀屋助六,たそがれ清兵衛",男優主演賞	真田広之「助太刀屋助六」「たそがれ清兵衛」
57,2002,女優主演賞,8,大塚寧々,"笑う蛙,うつつ,歩く、人",女優主演賞	大塚寧々「笑う蛙」「うつつ」「歩く、人」
57,2002,男優助演賞,9,塚本晋也,"とらばいゆ,殺し屋1,クロエ,溺れる人",男優助演賞	塚本晋也「とらばいゆ」「殺し屋1」「クロエ」「溺れる人」
57,2002,女優助演賞,10,宮沢りえ,"たそがれ清兵衛,うつつ",女優助演賞	宮沢りえ「たそがれ清兵衛」「うつつ」
57,2002,撮影賞,11,長沼六男,たそがれ清兵衛,撮影賞	長沼六男「たそがれ清兵衛」
57,2002,美術賞,12,大塚聡,夜を賭けて,美術賞	大塚聡「夜を賭けて」
57,2002,音楽賞,13,加古隆,阿弥陀堂だより,音楽賞	加古隆「阿弥陀堂だより」
57,2002,録音賞,14,岸田和美,たそがれ清兵衛,録音賞	岸田和美「たそがれ清兵衛」
57,2002,技術賞,15,中岡源権（照明）,"たそがれ清兵衛,ピンポン",技術賞	中岡源権（照明）「たそがれ清兵衛」、曽利文彦監督を中心とする「ピンポン」のVFXスタッフ
57,2002,記録文化映画賞,16,,,記録文化映画賞	長編：「住井すゑ 百歳の人間宣言」文エンタープライズ
57,2002,記録文化映画賞,17,,,記録文化映画賞	短編：「未知への航海―すばる望遠鏡建設の記録―」ユー・エヌ
57,2002,スポニチグランプリ新人賞,18,,,スポニチグランプリ新人賞	中村獅童「ピンポン」
57,2002,スポニチグランプリ新人賞,19,,,スポニチグランプリ新人賞	市川実日子「とらばいゆ」
57,2002,スポニチグランプリ新人賞,20,,,スポニチグランプリ新人賞	金守珍「夜を賭けて」
57,2002,外国映画ベストワン賞,21,,,外国映画ベストワン賞	「鬼が来た！」東光徳間配給
57,2002,日本映画ファン賞,22,,,日本映画ファン賞	「模倣犯」「模倣犯」製作委員会
57,2002,外国映画ファン賞,23,,,外国映画ファン賞	「ハリー・ポッターと秘密の部屋」ワーナー・ブラザース映画配給
57,2002,アニメーション映画賞,24,,クレヨンしんちゃん／嵐を呼ぶアッパレ！戦国大合戦,アニメーション映画賞	「クレヨンしんちゃん／嵐を呼ぶアッパレ！戦国大合戦」シンエイ動画、ASATSU-DK、テレビ朝日
57,2002,大藤信郎賞,25,,,大藤信郎賞	今敏「千年女優」
57,2002,田中絹代賞,26,,,田中絹代賞	吉行和子
57,2002,特別賞,27,,,特別賞	故・清川虹子（「楢山節考」「復讐するは我にあり」など269本の映画に出演し、個性的な演技で大衆に愛され、名バイ・プレイヤーとして果たした多大な功労に対して）
57,2002,特別賞,28,,,特別賞	蔵原惟繕（「俺は待ってるぜ」などの石原裕次郎主演作やドキュメンタリー「キタキツネ物語」さらに「南極物語」など大きなスケールの作品をヒットさせた功績に対して）
57,2002,特別賞,29,,,特別賞	冨田功（「病院へ行こう」「櫻の園」など数々の秀作の編集者として優れた技量を発揮し、日本映画界に貢献した功績に対して）
57,2002,最優秀賞,30,,,最優秀賞	ブエナ ビスタ インターナショナル ジャパン「モンスターズ・インク」
57,2002,優秀賞,31,,,優秀賞	ワーナー・ブラザース映画「ハリー・ポッターと賢者の石」
58,2003,日本映画大賞,0,,赤目四十八瀧心中未遂,
58,2003,日本映画優秀賞,1,,"阿修羅のごとく,阿修羅のごとく",日本映画優秀賞	「阿修羅のごとく」「阿修羅のごとく」製作委員会
58,2003,日本映画優秀賞,2,,座頭市,日本映画優秀賞	「座頭市」バンダイビジュアル、TOKYO FM、電通、テレビ朝日、齋藤エンターテイメント、オフィス北野
58,2003,日本映画優秀賞,3,,"スパイ・ゾルゲ,スパイ・ゾルゲ",日本映画優秀賞	「スパイ・ゾルゲ」「スパイ・ゾルゲ」製作委員会
58,2003,日本映画優秀賞,4,,"ドッペルゲンガー,ドッペルゲンガー",日本映画優秀賞	「ドッペルゲンガー」「ドッペルゲンガー」製作委員会
58,2003,監督賞,5,崔洋一,刑務所の中,監督賞	崔洋一「刑務所の中」
58,2003,脚本賞,6,西川美和,蛇イチゴ,脚本賞	西川美和「蛇イチゴ」
58,2003,脚本賞,7,"深作健太,木田紀生",バトル・ロワイヤルⅡ鎮魂歌<レクイエム>,脚本賞	深作健太、木田紀生「バトル・ロワイヤルⅡ鎮魂歌<レクイエム>」
58,2003,男優主演賞,8,西田敏行,"ゲロッパ！,釣りバカ日誌14／お遍路大パニック！",男優主演賞	西田敏行「ゲロッパ！」「釣りバカ日誌14／お遍路大パニック！」
58,2003,女優主演賞,9,寺島しのぶ,赤目四十八瀧心中未遂,女優主演賞	寺島しのぶ「赤目四十八瀧心中未遂」
58,2003,男優助演賞,10,柄本明,"花,ドッペルゲンガー,座頭市",男優助演賞	柄本明「花」「ドッペルゲンガー」「座頭市」他
58,2003,女優助演賞,11,大楠道代,"赤目四十八瀧心中未遂,座頭市",女優助演賞	大楠道代「赤目四十八瀧心中未遂」「座頭市」
58,2003,撮影賞,12,笠松則通,"ぼくんち,さよなら、クロ,赤目四十八瀧心中未遂",撮影賞	笠松則通「ぼくんち」「さよなら、クロ」「赤目四十八瀧心中未遂」
58,2003,美術賞,13,磯見俊裕,"刑務所の中,バトル・ロワイヤルⅡ鎮魂歌<レクイエム>",美術賞	磯見俊裕「刑務所の中」「バトル・ロワイヤルⅡ鎮魂歌<レクイエム>」
58,2003,音楽賞,14,磯田健一郎,ホテル・ハイビスカス,音楽賞	磯田健一郎「ホテル・ハイビスカス」
58,2003,録音賞,15,白取貢,"ホテル・ハイビスカス,ゲロッパ！",録音賞	白取貢「ホテル・ハイビスカス」「ゲロッパ！」
58,2003,技術賞,16,渡邊孝一,阿修羅のごとく,技術賞	渡邊孝一「阿修羅のごとく」
58,2003,記録文化映画賞,17,,,記録文化映画賞	長編：「こんばんは」イメージ・サテライト
58,2003,短編：「彩なす首里の織物,18,,彩なす首里の織物 宮平初子,短編：「彩なす首里の織物 宮平初子」桜映画社
58,2003,スポニチグランプリ新人賞,19,,,スポニチグランプリ新人賞	大西滝次郎「赤目四十八瀧心中未遂」
58,2003,スポニチグランプリ新人賞,20,,,スポニチグランプリ新人賞	宮迫博之「蛇イチゴ」
58,2003,スポニチグランプリ新人賞,21,,,スポニチグランプリ新人賞	西川美和「蛇イチゴ」（監督）
58,2003,外国映画ベストワン賞,22,,,外国映画ベストワン賞	「戦場のピアニスト」東芝エンタテインメント配給
58,2003,日本映画ファン賞,23,,,日本映画ファン賞	「踊る大捜査線 THE MOVIE 2／レインボーブリッジを封鎖せよ！」フジテレビジョン、アイ・エヌ・ピー
58,2003,外国映画ファン賞,24,,,外国映画ファン賞	「戦場のピアニスト」東芝エンタテインメント
58,2003,アニメーション映画賞,25,,東京ゴッドファーザーズ,アニメーション映画賞	「東京ゴッドファーザーズ」マッドハウス、ソニー・ピクチャーズ エンタテインメント、電通、ジェンコ
58,2003,大藤信郎賞,26,,,大藤信郎賞	「冬の日」における川本喜八郎の企画及び総合演出
58,2003,田中絹代賞,27,,,田中絹代賞	八千草薫
58,2003,特別賞,28,,,特別賞	故・深作欣二（「仁義なき戦い」シリーズをはじめ、躍動感あふれる映画を数多く監督するなど、長年にわたり、日本映画業界に貢献した業績に対して）
58,2003,特別賞,29,,,特別賞	笠原和夫（脚本家として「仁義なき戦い」シリーズをはじめ、日本映画業界のために尽くした功績に対して）
58,2003,最優秀賞,30,,,最優秀賞	ワーナー・ブラザース映画「マトリックス・リローデッド」
58,2003,優秀賞,31,,,優秀賞	ブエナ ビスタ インターナショナル ジャパン「オールド・ルーキー」
59,2004,日本映画大賞,0,,血と骨,
59,2004,日本映画優秀賞,1,,"誰も知らない,誰も知らない",日本映画優秀賞	「誰も知らない」「誰も知らない」製作委員会
59,2004,監督賞,2,黒木和雄,"美しい夏キリシマ,父と暮せば",監督賞	黒木和雄「美しい夏キリシマ」「父と暮せば」
59,2004,脚本賞,3,荒井晴彦,ヴァイブレータ,脚本賞	荒井晴彦「ヴァイブレータ」
59,2004,男優主演賞,4,ビートたけし,血と骨,男優主演賞	ビートたけし「血と骨」
59,2004,女優主演賞,5,深田恭子,下妻物語,女優主演賞	深田恭子「下妻物語」
59,2004,男優助演賞,6,オダギリジョー,"血と骨,この世の外へ クラブ進駐軍",男優助演賞	オダギリジョー「血と骨」「この世の外へ クラブ進駐軍」
59,2004,女優助演賞,7,田畑智子,"隠し剣 鬼の爪,血と骨",女優助演賞	田畑智子「隠し剣 鬼の爪」「血と骨」
59,2004,撮影賞,8,鈴木一博,"ヴァイブレータ,機関車先生,ガールフレンド,ココロとカラダ",撮影賞	鈴木一博「ヴァイブレータ」「機関車先生」「ガールフレンド」「ココロとカラダ」
59,2004,美術賞,9,桑島十和子,下妻物語,美術賞	桑島十和子「下妻物語」
59,2004,音楽賞,10,日野皓正,透光の樹,音楽賞	日野皓正「透光の樹」
59,2004,録音賞,11,弦巻裕,誰も知らない,録音賞	弦巻裕「誰も知らない」
59,2004,技術賞,12,熊谷秀夫（照明）,透光の樹,技術賞	熊谷秀夫（照明）「透光の樹」
59,2004,記録文化映画賞,13,,,記録文化映画賞	長編：「わたしの季節」協映
59,2004,短編：「螺鈿－北村昭斎のわざ－」日経映像,14,,螺鈿－北村昭斎のわざ－,短編：「螺鈿－北村昭斎のわざ－」日経映像
59,2004,スポニチグランプリ新人賞,15,,,スポニチグランプリ新人賞	土屋アンナ「下妻物語」「茶の味」
59,2004,スポニチグランプリ新人賞,16,,,スポニチグランプリ新人賞	柳楽優弥「誰も知らない」
59,2004,スポニチグランプリ新人賞,17,,,スポニチグランプリ新人賞	上野樹里「チルソクの夏」「スウィングガールズ」
59,2004,外国映画ベストワン賞,18,,,外国映画ベストワン賞	「ミスティック・リバー」ワーナー・ブラザース映画配給
59,2004,日本映画ファン賞,19,,,日本映画ファン賞	「ハウルの動く城」徳間書店、スタジオジブリ、日本テレビ、電通、ディズニー、三菱商事、東宝
59,2004,外国映画ファン賞,20,,,外国映画ファン賞	「2046」ブエナ ビスタ インターナショナル ジャパン配給
59,2004,アニメーション映画賞,21,,雲のむこう、約束の場所,アニメーション映画賞	「雲のむこう、約束の場所」新海誠、コミックス・ウェーブ
59,2004,大藤信郎賞,22,,,大藤信郎賞	「マインド・ゲーム」スタジオ4℃、レントラックジャパン、アスミック・エース エンタテインメント
59,2004,田中絹代賞,23,,,田中絹代賞	淡路恵子
59,2004,特別賞,24,,,特別賞	故・三橋達也（ヒーローから悪役まで演じられる存在感の大きな俳優として、数多くの映画に出演するなど、長年にわたり、日本映画界に貢献した業績に対して 双葉十三郎　映画評論家として四分の三世紀以上にわたり、卓越した知識と豊かな感性に基づいた評論を発表するなど、日本映画界に貢献した業績に対して）
59,2004,最優秀賞,25,,,最優秀賞	UIP「シービスケット」
59,2004,優秀賞,26,,,優秀賞	20世紀FOX「デイ・アフター・トゥモロー」、ワーナー・ブラザース映画「ラストサムライ」
60,2005,日本映画大賞,0,,パッチギ！,
60,2005,日本映画優秀賞,1,,"オペレッタ狸御殿,オペレッタ狸御殿",日本映画優秀賞	「オペレッタ狸御殿」「オペレッタ狸御殿」製作委員会
60,2005,男優主演賞,2,浅野忠信,"誰がために,乱歩地獄",男優主演賞	浅野忠信「誰がために」「乱歩地獄」
60,2005,女優主演賞,3,田中裕子,"いつか読書する日,火火",女優主演賞	田中裕子「いつか読書する日」「火火」
60,2005,男優助演賞,4,山下規介,運命じゃない人,男優助演賞	山下規介「運命じゃない人」
60,2005,女優助演賞,5,板谷由夏,運命じゃない人,女優助演賞	板谷由夏「運命じゃない人」
60,2005,スポニチグランプリ新人賞,6,,,スポニチグランプリ新人賞	石田法嗣「カナリア」
60,2005,スポニチグランプリ新人賞,7,,,スポニチグランプリ新人賞	関めぐみ「恋は五・七・五！」「8月のクリスマス」
60,2005,田中絹代賞,8,,,田中絹代賞	若尾文子
60,2005,監督賞,9,緒方明,いつか読書する日,監督賞	緒方明「いつか読書する日」
60,2005,脚本賞,10,内田けんじ,運命じゃない人,脚本賞	内田けんじ「運命じゃない人」
60,2005,撮影賞,11,柴崎幸三,ALWAYS 三丁目の夕日,撮影賞	柴崎幸三「ALWAYS 三丁目の夕日」
60,2005,美術賞,12,上条安里,ALWAYS 三丁目の夕日,美術賞	上条安里「ALWAYS 三丁目の夕日」
60,2005,音楽賞,13,加藤和彦,パッチギ！,音楽賞	加藤和彦「パッチギ！」
60,2005,録音賞,14,横溝正俊,いつか読書する日,録音賞	横溝正俊「いつか読書する日」
60,2005,技術賞,15,,"ALWAYS 三丁目の夕日,二人日和",技術賞	「ALWAYS 三丁目の夕日」VFXスタッフ、谷口登司夫（編集）「二人日和」
60,2005,ドキュメンタリー映画賞,16,,Little Birds－イラク戦火の家族たち,ドキュメンタリー映画賞	「Little Birds－イラク戦火の家族たち」安岡卓治
60,2005,アニメーション映画賞,17,,"劇場版 鋼の錬金術師 シャンバラを征く者,鋼の錬金術師",アニメーション映画賞	「劇場版 鋼の錬金術師 シャンバラを征く者」劇場版「鋼の錬金術師」製作委員会
60,2005,大藤信郎賞,18,,,大藤信郎賞	「tough guy! 2005」岸本真太郎
60,2005,日本映画部門,19,,"ALWAYS 三丁目の夕日,ALWAYS 三丁目の夕日",日本映画部門	「ALWAYS 三丁目の夕日」「ALWAYS 三丁目の夕日」製作委員会
60,2005,外国映画部門,20,,スター・ウォーズ エピソード3／シスの復讐,外国映画部門	「スター・ウォーズ エピソード3／シスの復讐」ルーカスフィルム配給
61,2006,日本映画大賞,0,,ゆれる,
61,2006,日本映画優秀賞,1,,"フラガール,フラガール",日本映画優秀賞	「フラガール」「フラガール」製作委員会
61,2006,外国映画ベストワン賞,2,,,外国映画ベストワン賞	「父親たちの星条旗」ワーナー・ブラザース映画、ドリームワークス配給
61,2006,男優主演賞,3,佐藤浩市,雪に願うこと,男優主演賞	佐藤浩市「雪に願うこと」
61,2006,女優主演賞,4,中谷美紀,嫌われ松子の一生,女優主演賞	中谷美紀「嫌われ松子の一生」
61,2006,男優助演賞,5,笹野高史,"武士の一分,寝ずの番",男優助演賞	笹野高史「武士の一分」「寝ずの番」
61,2006,女優助演賞,6,蒼井優,"フラガール,虹の女神,ハチミツとクローバー",女優助演賞	蒼井優「フラガール」「虹の女神」「ハチミツとクローバー」
61,2006,スポニチグランプリ新人賞,7,,,スポニチグランプリ新人賞	塚地武雅「間宮兄弟」
61,2006,スポニチグランプリ新人賞,8,,,スポニチグランプリ新人賞	檀れい「武士の一分」
61,2006,田中絹代賞,9,,,田中絹代賞	草笛光子
61,2006,監督賞,10,根岸吉太郎,雪に願うこと,監督賞	根岸吉太郎「雪に願うこと」
61,2006,脚本賞,11,加藤正人,雪に願うこと,脚本賞	加藤正人「雪に願うこと」
61,2006,撮影賞,12,川上皓市,紙屋悦子の青春,撮影賞	川上皓市「紙屋悦子の青春」
61,2006,美術賞,13,種田陽平,"THE 有頂天ホテル,フラガール",美術賞	種田陽平「THE 有頂天ホテル」「フラガール」
61,2006,音楽賞,14,加古隆,博士の愛した数式,音楽賞	加古隆「博士の愛した数式」
61,2006,録音賞,15,白取貢,"フラガール,ゆれる,雪に願うこと",録音賞	白取貢「フラガール」「ゆれる」、小野寺修「雪に願うこと」
61,2006,技術賞,16,小池義幸（編集）,嫌われ松子の一生,技術賞	小池義幸（編集）「嫌われ松子の一生」
61,2006,アニメーション映画賞,17,,"時をかける少女,時をかける少女",アニメーション映画賞	「時をかける少女」「時をかける少女」製作委員会
61,2006,大藤信郎賞,18,,,大藤信郎賞	「鉄コン筋クリート」「鉄コン筋クリート」製作委員会
61,2006,ドキュメンタリー映画賞,19,,エドワード・サイード OUT OF PLACE,ドキュメンタリー映画賞	「エドワード・サイード OUT OF PLACE」シグロ
61,2006,日本映画部門,20,,"デスノート,DEATH NOTE",日本映画部門	「デスノート」「DEATH NOTE」FILM PARTNERS
61,2006,外国映画部門,21,,パイレーツ・オブ・カリビアン／デッドマンズ・チェスト,外国映画部門	「パイレーツ・オブ・カリビアン／デッドマンズ・チェスト」ウォルト ディズニー ピクチャーズ配給
61,2006,特別賞,22,,,特別賞	故・今村昌平、風見章子
62,2007,日本映画大賞,0,,それでもボクはやってない,
62,2007,日本映画優秀賞,1,,"天然コケッコー,天然コケッコー",日本映画優秀賞	「天然コケッコー」「天然コケッコー」製作委員会
62,2007,外国映画ベストワン賞,2,,,外国映画ベストワン賞	「長江哀歌」ビターズ・エンド、オフィス北野配給
62,2007,男優主演賞,3,国分太一,しゃべれども しゃべれども,男優主演賞	国分太一「しゃべれども しゃべれども」
62,2007,女優主演賞,4,麻生久美子,夕凪の街 桜の国,女優主演賞	麻生久美子「夕凪の街 桜の国」
62,2007,男優助演賞,5,松重豊,しゃべれども しゃべれども,男優助演賞	松重豊「しゃべれども しゃべれども」
62,2007,女優助演賞,6,高橋惠子,ふみ子の海,女優助演賞	高橋惠子「ふみ子の海」
62,2007,スポニチグランプリ新人賞,7,,,スポニチグランプリ新人賞	松田翔太「ワルボロ」
62,2007,スポニチグランプリ新人賞,8,,,スポニチグランプリ新人賞	成海璃子「あしたの私のつくり方」「神童」
62,2007,田中絹代賞,9,,,田中絹代賞	中村玉緒
62,2007,監督賞,10,周防正行,それでもボクはやってない,監督賞	周防正行「それでもボクはやってない」
62,2007,脚本賞,11,渡辺あや,天然コケッコー,脚本賞	渡辺あや「天然コケッコー」
62,2007,撮影賞,12,中野英世,殯の森,撮影賞	中野英世「殯の森」
62,2007,美術賞,13,佐々木尚,スキヤキ・ウェスタン ジャンゴ,美術賞	佐々木尚「スキヤキ・ウェスタン ジャンゴ」
62,2007,音楽賞,14,レイ・ハラカミ,天然コケッコー,音楽賞	レイ・ハラカミ「天然コケッコー」
62,2007,録音賞,15,小松将人,しゃべれども しゃべれども,録音賞	小松将人「しゃべれども しゃべれども」
62,2007,技術賞,16,北村道子（衣装）,スキヤキ・ウェスタン ジャンゴ,技術賞	北村道子（衣装）「スキヤキ・ウェスタン ジャンゴ」
62,2007,アニメーション映画賞,17,,"河童のクゥと夏休み,河童のクゥと夏休み",アニメーション映画賞	「河童のクゥと夏休み」「河童のクゥと夏休み」製作委員会
62,2007,大藤信郎賞,18,,,大藤信郎賞	「カフカ 田舎医者」松竹
62,2007,ドキュメンタリー映画賞,19,,バックドロップ クルディスタン,ドキュメンタリー映画賞	「バックドロップ クルディスタン」BDK製作委員会
62,2007,日本映画部門,20,,"恋空,恋空",日本映画部門	「恋空」映画「恋空」製作委員会
62,2007,外国映画部門,21,,パイレーツ・オブ・カリビアン／ワールド・エンド,外国映画部門	「パイレーツ・オブ・カリビアン／ワールド・エンド」ウォルト ディズニー スタジオ モーション ピクチャーズ配給
62,2007,特別賞,22,,,特別賞	故・熊井啓（監督）、故・犬塚稔（脚本・監督）
63,2008,日本映画大賞,0,,おくりびと,
63,2008,日本映画優秀賞,1,,"ぐるりのこと。,ぐるりのこと。",日本映画優秀賞	「ぐるりのこと。」「ぐるりのこと。」プロデューサーズ
63,2008,外国映画ベストワン賞,2,,,外国映画ベストワン賞	「ダークナイト」ワーナー・ブラザース映画配給
63,2008,男優主演賞,3,阿部寛,"青い鳥,歩いても 歩いても",男優主演賞	阿部寛「青い鳥」「歩いても 歩いても」
63,2008,女優主演賞,4,小池栄子,接吻,女優主演賞	小池栄子「接吻」
63,2008,男優助演賞,5,堺雅人,"アフタースクール,クライマーズ・ハイ,ジャージの二人",男優助演賞	堺雅人「アフタースクール」「クライマーズ・ハイ」「ジャージの二人」
63,2008,女優助演賞,6,松坂慶子,火垂るの墓,女優助演賞	松坂慶子「火垂るの墓」
63,2008,スポニチグランプリ新人賞,7,,,スポニチグランプリ新人賞	三浦春馬「奈緒子」
63,2008,スポニチグランプリ新人賞,8,,,スポニチグランプリ新人賞	仲里依紗「純喫茶磯辺」
63,2008,田中絹代賞,9,,,田中絹代賞	余貴美子
63,2008,監督賞,10,若松孝二,実録・連合赤軍 あさま山荘への道程,監督賞	若松孝二「実録・連合赤軍 あさま山荘への道程」
63,2008,脚本賞,11,橋口亮輔,ぐるりのこと。,脚本賞	橋口亮輔「ぐるりのこと。」
63,2008,撮影賞,12,辻智彦,実録・連合赤軍 あさま山荘への道程,撮影賞	辻智彦「実録・連合赤軍 あさま山荘への道程」
63,2008,美術賞,13,矢内京子,西の魔女が死んだ,美術賞	矢内京子「西の魔女が死んだ」
63,2008,音楽賞,14,岩代太郎,闇の子供たち,音楽賞	岩代太郎「闇の子供たち」
63,2008,録音賞,15,尾崎聡,おくりびと,録音賞	尾崎聡「おくりびと」
63,2008,技術賞,16,"桑島十和子,増尾隆幸,土屋真治,柳川瀬雅英（VFX）",パコと魔法の絵本,技術賞	桑島十和子、増尾隆幸、土屋真治、柳川瀬雅英（VFX）「パコと魔法の絵本」
63,2008,アニメーション映画賞,17,,スカイ・クロラ The Sky Crawlers,アニメーション映画賞	「スカイ・クロラ The Sky Crawlers」日本テレビ放送網、プロダクションI.G
63,2008,大藤信郎賞,18,,,大藤信郎賞	「崖の上のポニョ」製作委員会（「崖の上のポニョ」における宮崎駿監督の独創的表現に対して）
63,2008,ドキュメンタリー映画賞,19,,花はどこへいった,ドキュメンタリー映画賞	「花はどこへいった」シグロ、坂田雅子
63,2008,日本映画部門,20,,"私は貝になりたい,私は貝になりたい",日本映画部門	「私は貝になりたい」「私は貝になりたい」製作委員会
63,2008,外国映画部門,21,,レッドクリフ PartⅠ,外国映画部門	「レッドクリフ PartⅠ」東宝東和、エイベックス・エンタテインメント配給
63,2008,特別賞,22,,,特別賞	故・市川崑（監督）、故・緒形拳（俳優）、故・楠田浩之（撮影）
64,2009,日本映画大賞,0,,沈まぬ太陽,
64,2009,日本映画優秀賞,1,,"劔岳 点の記,劔岳 点の記",日本映画優秀賞	「劔岳 点の記」「劔岳 点の記」製作委員会
64,2009,外国映画ベストワン賞,2,,,外国映画ベストワン賞	「グラン・トリノ」ワーナー・ブラザース映画配給
64,2009,監督賞,3,園子温,愛のむきだし,監督賞	園子温「愛のむきだし」
64,2009,脚本賞,4,田中陽造,ヴィヨンの妻 ～桜桃とタンポポ～,脚本賞	田中陽造「ヴィヨンの妻 ～桜桃とタンポポ～」
64,2009,男優主演賞,5,松山ケンイチ,ウルトラミラクルラブストーリー,男優主演賞	松山ケンイチ「ウルトラミラクルラブストーリー」
64,2009,女優主演賞,6,小西真奈美,のんちゃんのり弁,女優主演賞	小西真奈美「のんちゃんのり弁」
64,2009,男優助演賞,7,岸部一徳,大阪ハムレット,男優助演賞	岸部一徳「大阪ハムレット」
64,2009,女優助演賞,8,八千草薫,ディア・ドクター,女優助演賞	八千草薫「ディア・ドクター」
64,2009,スポニチグランプリ新人賞,9,,,スポニチグランプリ新人賞	西島隆弘「愛のむきだし」
64,2009,田中絹代賞,10,,,田中絹代賞	高橋惠子
64,2009,撮影賞,11,木村大作,劔岳 点の記,撮影賞	木村大作「劔岳 点の記」
64,2009,美術賞,12,"種田陽平,矢内京子",ヴィヨンの妻 ～桜桃とタンポポ～,美術賞	種田陽平、矢内京子「ヴィヨンの妻 ～桜桃とタンポポ～」
64,2009,音楽賞,13,蓮実重臣,私は猫ストーカー,音楽賞	蓮実重臣「私は猫ストーカー」
64,2009,録音賞,14,石寺健一,劔岳 点の記,録音賞	石寺健一「劔岳 点の記」
64,2009,技術賞,15,,,技術賞	該当なし
64,2009,ドキュメンタリー映画賞,16,,"あんにょん由美香,あんにょん由美香",ドキュメンタリー映画賞	「あんにょん由美香」2009「あんにょん由美香」フィルムパートナーズ
64,2009,アニメーション映画賞,17,,サマーウォーズ,アニメーション映画賞	「サマーウォーズ」サマーウォーズ製作委員会
64,2009,大藤信郎賞,18,,,大藤信郎賞	「電信柱エレミの恋」（中田秀人監督作品、立体アニメ表現の完成度に対して）
64,2009,日本映画部門,19,,"ROOKIES －卒業－,ROOKIES",日本映画部門	「ROOKIES －卒業－」映画「ROOKIES」製作委員会
64,2009,外国映画部門,20,,マイケル・ジャクソン THIS IS IT,外国映画部門	「マイケル・ジャクソン THIS IS IT」ソニー・ピクチャーズ・エンタテインメント
64,2009,特別賞,21,,,特別賞	故・森繁久彌（俳優）、故・水の江瀧子（女優・映画プロデューサー）
65,2010,日本映画大賞,0,,悪人,
65,2010,日本映画優秀賞,1,,"春との旅,春との旅",日本映画優秀賞	「春との旅」「春との旅」フィルムパートナーズ
65,2010,外国映画ベストワン賞,2,,,外国映画ベストワン賞	「息もできない」ビターズ・エンド、スターサンズ配給
65,2010,監督賞,3,三池崇史,十三人の刺客,監督賞	三池崇史「十三人の刺客」
65,2010,脚本賞,4,佐藤有記,ヘヴンズストーリー,脚本賞	佐藤有記「ヘヴンズストーリー」
65,2010,男優主演賞,5,堤真一,孤高のメス,男優主演賞	堤真一「孤高のメス」
65,2010,女優主演賞,6,寺島しのぶ,キャタピラー,女優主演賞	寺島しのぶ「キャタピラー」
65,2010,男優助演賞,7,稲垣吾郎,十三人の刺客,男優助演賞	稲垣吾郎「十三人の刺客」
65,2010,女優助演賞,8,夏川結衣,孤高のメス,女優助演賞	夏川結衣「孤高のメス」
65,2010,スポニチグランプリ新人賞,9,,,スポニチグランプリ新人賞	遠藤要「イエローキッド」
65,2010,スポニチグランプリ新人賞,10,,,スポニチグランプリ新人賞	徳永えり「春との旅」
65,2010,田中絹代賞,11,,,田中絹代賞	江波杏子
65,2010,撮影賞,12,近藤龍人,海炭市叙景,撮影賞	近藤龍人「海炭市叙景」
65,2010,美術賞,13,近藤成之,武士の家計簿,美術賞	近藤成之「武士の家計簿」
65,2010,音楽賞,14,ジム・オルーク,海炭市叙景,音楽賞	ジム・オルーク「海炭市叙景」
65,2010,録音賞,15,中村淳,十三人の刺客,録音賞	中村淳「十三人の刺客」
65,2010,ドキュメンタリー映画賞,16,,,ドキュメンタリー映画賞	該当なし
65,2010,アニメーション映画賞,17,,"カラフル,カラフル",アニメーション映画賞	「カラフル」「カラフル」製作委員会
65,2010,大藤信郎賞,18,,,大藤信郎賞	該当なし
65,2010,日本映画部門,19,,THE LAST MESSAGE 海猿,日本映画部門	「THE LAST MESSAGE 海猿」フジテレビジョン、ROBOT、ポニーキャニオン、東宝、小学館、エー・チーム、FNS27社
65,2010,外国映画部門,20,,エクリプス／トワイライト・サーガ,外国映画部門	「エクリプス／トワイライト・サーガ」角川映画配給
65,2010,特別賞,21,,,特別賞	故・高峰秀子（女優）
66,2011,日本映画大賞,0,,一枚のハガキ,
66,2011,日本映画優秀賞,1,,サウダーヂ,日本映画優秀賞	「サウダーヂ」空族
66,2011,外国映画ベストワン賞,2,,,外国映画ベストワン賞	「英国王のスピーチ」ギャガ配給
66,2011,監督賞,3,富田克也,サウダーヂ,監督賞	富田克也「サウダーヂ」
66,2011,脚本賞,4,新藤兼人,一枚のハガキ,脚本賞	新藤兼人「一枚のハガキ」
66,2011,男優主演賞,5,森山未來,モテキ,男優主演賞	森山未來「モテキ」
66,2011,女優主演賞,6,小泉今日子,毎日かあさん,女優主演賞	小泉今日子「毎日かあさん」
66,2011,男優助演賞,7,でんでん,冷たい熱帯魚,男優助演賞	でんでん「冷たい熱帯魚」
66,2011,女優助演賞,8,永作博美,八日目の蟬,女優助演賞	永作博美「八日目の蟬」
66,2011,スポニチグランプリ新人賞,9,,,スポニチグランプリ新人賞	染谷将太「嘘つきみーくんと壊れたまーちゃん」
66,2011,スポニチグランプリ新人賞,10,,,スポニチグランプリ新人賞	忽那汐里「マイ・バック・ページ」
66,2011,田中絹代賞,11,,,田中絹代賞	大楠道代
66,2011,撮影賞,12,北信康,一命,撮影賞	北信康「一命」
66,2011,美術賞,13,金勝浩一,一枚のハガキ,美術賞	金勝浩一「一枚のハガキ」
66,2011,音楽賞,14,故・林光,一枚のハガキ,音楽賞	故・林光「一枚のハガキ」
66,2011,録音賞,15,尾崎聡,一枚のハガキ,録音賞	尾崎聡「一枚のハガキ」
66,2011,ドキュメンタリー映画賞,16,,ショージとタカオ,ドキュメンタリー映画賞	「ショージとタカオ」井手洋子
66,2011,アニメーション映画賞,17,,"蛍火の杜へ,蛍火の杜へ",アニメーション映画賞	「蛍火の杜へ」「蛍火の杜へ」製作委員会
66,2011,大藤信郎賞,18,,,大藤信郎賞	「６６３１１４」平林勇
66,2011,日本映画部門,19,,ステキな金縛り,日本映画部門	「ステキな金縛り」フジテレビ、東宝
66,2011,外国映画部門,20,,ハリー・ポッターと死の秘宝 PART２,外国映画部門	「ハリー・ポッターと死の秘宝 PART２」ワーナー・ブラザース映画配給
66,2011,特別賞,21,,,特別賞	赤松陽構造（映画タイトルデザイナー）
67,2012,日本映画大賞,0,,終の信託,
67,2012,日本映画優秀賞,1,,"桐島、部活やめるってよ,桐島",日本映画優秀賞	「桐島、部活やめるってよ」映画「桐島」映画部
67,2012,外国映画ベストワン賞,2,,,外国映画ベストワン賞	「ヒューゴの不思議な発明」パラマウント ピクチャーズ配給
67,2012,監督賞,3,吉田大八,桐島、部活やめるってよ,監督賞	吉田大八「桐島、部活やめるってよ」
67,2012,脚本賞,4,ヤン・ヨンヒ,かぞくのくに,脚本賞	ヤン・ヨンヒ「かぞくのくに」
67,2012,男優主演賞,5,夏八木勲,希望の国,男優主演賞	夏八木勲「希望の国」
67,2012,女優主演賞,6,田畑智子,ふがいない僕は空を見た,女優主演賞	田畑智子「ふがいない僕は空を見た」
67,2012,男優助演賞,7,加瀬亮,アウトレイジ ビヨンド,男優助演賞	加瀬亮「アウトレイジ ビヨンド」
67,2012,女優助演賞,8,安藤サクラ,愛と誠,女優助演賞	安藤サクラ「愛と誠」
67,2012,スポニチグランプリ新人賞,9,,,スポニチグランプリ新人賞	東出昌大「桐島、部活やめるってよ」
67,2012,スポニチグランプリ新人賞,10,,,スポニチグランプリ新人賞	三吉彩花「グッモーエビアン！」
67,2012,田中絹代賞,11,,,田中絹代賞	田中裕子
67,2012,撮影賞,12,芦澤明子,わが母の記,撮影賞	芦澤明子「わが母の記」
67,2012,美術賞,13,部谷京子,天地明察,美術賞	部谷京子「天地明察」
67,2012,音楽賞,14,大島ミチル,僕達急行 Ａ列車で行こう,音楽賞	大島ミチル「僕達急行 Ａ列車で行こう」
67,2012,録音賞,15,志満順一,北のカナリアたち,録音賞	志満順一「北のカナリアたち」
67,2012,ドキュメンタリー映画賞,16,,"ニッポンの嘘　報道写真家 福島菊次郎90歳,ニッポンの嘘　報道写真家 福島菊次郎90歳",ドキュメンタリー映画賞	「ニッポンの嘘　報道写真家 福島菊次郎90歳」「ニッポンの嘘　報道写真家 福島菊次郎90歳」製作委員会
67,2012,アニメーション映画賞,17,,"おおかみこどもの雨と雪,おおかみこどもの雨と雪",アニメーション映画賞	「おおかみこどもの雨と雪」「おおかみこどもの雨と雪」製作委員会 スタジオ地図作品
67,2012,大藤信郎賞,18,,,大藤信郎賞	「火要鎮」SHORT PEACE COMMITTEE
67,2012,日本映画部門,19,,"テルマエ・ロマエ,テルマエ・ロマエ",日本映画部門	「テルマエ・ロマエ」「テルマエ・ロマエ」製作委員会
67,2012,外国映画部門,20,,アベンジャーズ,外国映画部門	「アベンジャーズ」ウォルト・ディズニー・スタジオ配給
67,2012,特別賞,21,,,特別賞	黒澤満（映画プロデューサー）
68,2013,日本映画大賞,0,,舟を編む,
68,2013,日本映画優秀賞,1,,"ペコロスの母に会いに行く,ペコロスの母に会いに行く",日本映画優秀賞	「ペコロスの母に会いに行く」「ペコロスの母に会いに行く」製作委員会
68,2013,外国映画ベストワン賞,2,,,外国映画ベストワン賞	「愛、アムール」ロングライド配給
68,2013,監督賞,3,石井裕也,舟を編む,監督賞	石井裕也「舟を編む」
68,2013,脚本賞,4,荒井晴彦,共喰い,脚本賞	荒井晴彦「共喰い」
68,2013,男優主演賞,5,松田龍平,舟を編む,男優主演賞	松田龍平「舟を編む」
68,2013,女優主演賞,6,赤木春恵,ペコロスの母に会いに行く,女優主演賞	赤木春恵「ペコロスの母に会いに行く」
68,2013,男優助演賞,7,ピエール瀧,凶悪,男優助演賞	ピエール瀧「凶悪」
68,2013,女優助演賞,8,吉高由里子,横道世之介,女優助演賞	吉高由里子「横道世之介」
68,2013,スポニチグランプリ新人賞,9,,,スポニチグランプリ新人賞	星野源「箱入り息子の恋」
68,2013,スポニチグランプリ新人賞,10,,,スポニチグランプリ新人賞	濱田ここね「おしん」
68,2013,田中絹代賞,11,,,田中絹代賞	加賀まりこ
68,2013,撮影賞,12,今井孝博,共喰い,撮影賞	今井孝博「共喰い」
68,2013,美術賞,13,原田満生,舟を編む,美術賞	原田満生「舟を編む」
68,2013,音楽賞,14,安川午朗,凶悪,音楽賞	安川午朗「凶悪」
68,2013,録音賞,15,矢野正人,横道世之介,録音賞	矢野正人「横道世之介」
68,2013,ドキュメンタリー映画賞,16,,映画『立候補』,ドキュメンタリー映画賞	「映画『立候補』」明るい立候補推進委員会
68,2013,アニメーション映画賞,17,,かぐや姫の物語,アニメーション映画賞	「かぐや姫の物語」スタジオジブリ、日本テレビ、電通、博報堂ＤＹＭＰ、ディズニー、三菱商事、東宝、ＫＤＤＩ
68,2013,大藤信郎賞,18,,,大藤信郎賞	「海に落ちた月の話」織田明
68,2013,日本映画部門,19,,風立ちぬ,日本映画部門	「風立ちぬ」スタジオジブリ、日本テレビ、電通、博報堂ＤＹＭＰ、ディズニー、三菱商事、東宝、ＫＤＤＩ
68,2013,外国映画部門,20,,テッド,外国映画部門	「テッド」東宝東和配給
68,2013,特別賞,21,,,特別賞	福本清三（俳優）
69,2014,日本映画大賞,0,,私の男,
69,2014,日本映画優秀賞,1,,"そこのみにて光輝く,そこのみにて光輝く",日本映画優秀賞	「そこのみにて光輝く」「そこのみにて光輝く」製作委員会
69,2014,外国映画ベストワン賞,2,,,外国映画ベストワン賞	「６才のボクが、大人になるまで。」東宝東和配給
69,2014,監督賞,3,呉美保,そこのみにて光輝く,監督賞	呉美保「そこのみにて光輝く」
69,2014,脚本賞,4,安藤桃子,0.5ミリ,脚本賞	安藤桃子「0.5ミリ」
69,2014,男優主演賞,5,綾野剛,そこのみにて光輝く,男優主演賞	綾野剛「そこのみにて光輝く」
69,2014,女優主演賞,6,安藤サクラ,0.5ミリ,女優主演賞	安藤サクラ「0.5ミリ」
69,2014,男優助演賞,7,伊藤英明,WOOD JOB！？～神去なあなあ日常～,男優助演賞	伊藤英明「WOOD JOB！？～神去なあなあ日常～」
69,2014,女優助演賞,8,池脇千鶴,そこのみにて光輝く,女優助演賞	池脇千鶴「そこのみにて光輝く」
69,2014,スポニチグランプリ新人賞,9,,,スポニチグランプリ新人賞	登坂広臣「ホットロード」
69,2014,スポニチグランプリ新人賞,10,,,スポニチグランプリ新人賞	小松菜奈「渇き。」
69,2014,田中絹代賞,11,,,田中絹代賞	鈴木京香
69,2014,撮影賞,12,シグママコト,紙の月,撮影賞	シグママコト「紙の月」
69,2014,美術賞,13,"林田裕至,佐久嶋依里",喰女－クイメ－,美術賞	林田裕至、佐久嶋依里「喰女－クイメ－」
69,2014,音楽賞,14,周防義和,舞妓はレディ,音楽賞	周防義和「舞妓はレディ」
69,2014,録音賞,15,藤本賢一,永遠の０,録音賞	藤本賢一「永遠の０」
69,2014,ドキュメンタリー映画賞,16,,"SAYAMA　みえない手錠をはずすまで,SAYAMA",ドキュメンタリー映画賞	「SAYAMA　みえない手錠をはずすまで」映画「SAYAMA」製作委員会
69,2014,アニメーション映画賞,17,,ジョバンニの島,アニメーション映画賞	「ジョバンニの島」日本音楽事業者協会
69,2014,大藤信郎賞,18,,,大藤信郎賞	「澱みの騒ぎ」小野　ハナ
69,2014,日本映画部門,19,,"るろうに剣心　京都大火編／伝説の最期編,るろうに剣心　京都大火／伝説の最期",日本映画部門	「るろうに剣心　京都大火編／伝説の最期編」「るろうに剣心　京都大火／伝説の最期」製作委員会
69,2014,外国映画部門,20,,アナと雪の女王,外国映画部門	「アナと雪の女王」ウォルト・ディズニー・スタジオ・ジャパン配給
69,2014,特別賞,21,,,特別賞	野上照代（元黒澤映画助手）
70,2015,日本映画大賞,0,,恋人たち,
70,2015,日本映画優秀賞,1,,岸辺の旅,日本映画優秀賞	「岸辺の旅」黒沢 清
70,2015,外国映画ベストワン賞,2,,,外国映画ベストワン賞	「バードマン　あるいは（無知がもたらす予期せぬ奇跡）」 アレハンドロ・G・イニャリトゥ
70,2015,監督賞,3,塚本晋也,野火,監督賞	塚本晋也「野火」
70,2015,脚本賞,4,原田眞人,駆込み女と駆出し男,脚本賞	原田眞人「駆込み女と駆出し男」
70,2015,男優主演賞,5,塚本晋也,野火,男優主演賞	塚本晋也「野火」
70,2015,女優主演賞,6,綾瀬はるか,海街diary,女優主演賞	綾瀬はるか「海街diary」
70,2015,男優助演賞,7,加藤健一,母と暮せば,男優助演賞	加藤健一「母と暮せば」
70,2015,女優助演賞,8,長澤まさみ,海街diary,女優助演賞	長澤まさみ「海街diary」
70,2015,スポニチグランプリ新人賞,9,,,スポニチグランプリ新人賞	野田洋次郎「トイレのピエタ」
70,2015,スポニチグランプリ新人賞,10,,,スポニチグランプリ新人賞	藤野涼子「ソロモンの偽証　前篇・事件／後編・裁判」
70,2015,田中絹代賞,11,,,田中絹代賞	桃井かおり
70,2015,撮影賞,12,藤澤順一,ソロモンの偽証　前篇・事件／後編・裁判,撮影賞	藤澤順一「ソロモンの偽証　前篇・事件／後編・裁判」
70,2015,美術賞,13,原田哲男,日本のいちばん長い日,美術賞	原田哲男「日本のいちばん長い日」
70,2015,音楽賞,14,坂本龍一,母と暮せば,音楽賞	坂本龍一「母と暮せば」
70,2015,録音賞,15,小川武,恋人たち,録音賞	小川 武「恋人たち」
70,2015,ドキュメンタリー映画賞,16,,沖縄 うりずんの雨,ドキュメンタリー映画賞	「沖縄 うりずんの雨」ジャン・ユンカーマン
70,2015,アニメーション映画賞,17,,百日紅　～Miss HOKUSAI～,アニメーション映画賞	「百日紅　～Miss HOKUSAI～」原 恵一
70,2015,大藤信郎賞,18,,,大藤信郎賞	「水準原点」折笠 良
70,2015,日本映画部門,19,,幕が上がる,日本映画部門	「幕が上がる」本広 克行
70,2015,外国映画部門,20,,ミッション：インポッシブル／ローグ・ネイション,外国映画部門	「ミッション：インポッシブル／ローグ・ネイション」クリストファー・マッカリー
70,2015,特別賞,21,,,特別賞	櫛桁一則（「シネマリーン」支配人）
70,2015,特別賞,22,,,特別賞	橋本 忍（脚本家）
70,2015,かわさきシネマアワード,23,,小川町セレナーデ,かわさきシネマアワード	「小川町セレナーデ」原 桂之介
71,2016,日本映画大賞,0,,シン・ゴジラ,
71,2016,日本映画優秀賞,1,,この世界の片隅に,日本映画優秀賞	「この世界の片隅に」片渕 須直
71,2016,外国映画ベストワン賞,2,,,外国映画ベストワン賞	「ハドソン川の奇跡」 クリント・イーストウッド
71,2016,監督賞,3,西川美和,永い言い訳,監督賞	西川 美和「永い言い訳」
71,2016,脚本賞,4,向井康介,聖の青春,脚本賞	向井 康介「聖の青春」
71,2016,男優主演賞,5,本木雅弘,永い言い訳,男優主演賞	本木 雅弘「永い言い訳」
71,2016,女優主演賞,6,筒井真理子,淵に立つ,女優主演賞	筒井 真理子「淵に立つ」
71,2016,男優助演賞,7,香川照之,クリーピー　偽りの隣人,男優助演賞	香川 照之「クリーピー　偽りの隣人」
71,2016,女優助演賞,8,市川実日子,シン・ゴジラ,女優助演賞	市川 実日子「シン・ゴジラ」
71,2016,スポニチグランプリ新人賞,9,,,スポニチグランプリ新人賞	毎熊 克哉「ケンとカズ」
71,2016,スポニチグランプリ新人賞,10,,,スポニチグランプリ新人賞	中条 あやみ「セトウツミ」
71,2016,田中絹代賞,11,,,田中絹代賞	松原 智恵子
71,2016,撮影賞,12,斉藤幸一,64　ロクヨン,撮影賞	斉藤 幸一「64　ロクヨン」
71,2016,美術賞,13,林田裕至・佐久嶋依里,シン・ゴジラ,美術賞	林田 裕至・佐久嶋 依里「シン・ゴジラ」
71,2016,音楽賞,14,コトリンゴ,この世界の片隅に,音楽賞	コトリンゴ「この世界の片隅に」
71,2016,録音賞,15,白取貢,聖の青春,録音賞	白取 貢「聖の青春」
71,2016,ドキュメンタリー映画賞,16,,桜の樹の下,ドキュメンタリー映画賞	「桜の樹の下」田中 圭
71,2016,アニメーション映画賞,17,,君の名は。,アニメーション映画賞	「君の名は。」新海 誠
71,2016,大藤信郎賞,18,,,大藤信郎賞	「この世界の片隅に」片渕 須直
71,2016,日本映画部門,19,,君の名は。,日本映画部門	「君の名は。」新海 誠
71,2016,外国映画部門,20,,ズートピア,外国映画部門	「ズートピア」バイロン・ハワード／リッチ・ムーア
71,2016,特別賞,21,,,特別賞	島村 達雄（白組社長）
72,2017,日本映画大賞,0,,花筐／HANAGATAMI,
72,2017,日本映画優秀賞,1,,あゝ、荒野,日本映画優秀賞	「あゝ、荒野」岸 善幸 監督
72,2017,外国映画ベストワン賞,2,,,外国映画ベストワン賞	「わたしは、ダニエル・ブレイク」 ケン・ローチ 監督
72,2017,監督賞,3,富田克也,バンコクナイツ,監督賞	富田 克也「バンコクナイツ」
72,2017,脚本賞,4,石井裕也,映画　夜空はいつでも最高密度の青色だ,脚本賞	石井 裕也「映画　夜空はいつでも最高密度の青色だ」
72,2017,男優主演賞,5,菅田将暉,あゝ、荒野,男優主演賞	菅田 将暉「あゝ、荒野」
72,2017,女優主演賞,6,長澤まさみ,散歩する侵略者,女優主演賞	長澤 まさみ「散歩する侵略者」
72,2017,男優助演賞,7,役所広司,三度目の殺人,男優助演賞	役所 広司「三度目の殺人」
72,2017,女優助演賞,8,田中麗奈,幼な子われらに生まれ,女優助演賞	田中 麗奈「幼な子われらに生まれ」
72,2017,スポニチグランプリ新人賞,9,,,スポニチグランプリ新人賞	高杉 真宙「散歩する侵略者」
72,2017,スポニチグランプリ新人賞,10,,,スポニチグランプリ新人賞	伊東 蒼「島々清しゃ」
72,2017,田中絹代賞,11,,,田中絹代賞	水野 久美
72,2017,撮影賞,12,鎌苅洋一,映画　夜空はいつでも最高密度の青色だ,撮影賞	鎌苅 洋一「映画　夜空はいつでも最高密度の青色だ」
72,2017,美術賞,13,竹内公一,花筐／HANAGATAMI,美術賞	竹内 公一「花筐／HANAGATAMI」
72,2017,音楽賞,14,"Soi48(宇都木景一,高木紳介)・Young-G他",バンコクナイツ,音楽賞	Soi48(宇都木景一、高木紳介)・Young-G 他「バンコクナイツ」
72,2017,録音賞,15,"加藤大和,高須賀健吾",映画　夜空はいつでも最高密度の青色だ,録音賞	加藤 大和、高須賀 健吾「映画　夜空はいつでも最高密度の青色だ」
72,2017,ドキュメンタリー映画賞,16,,三里塚のイカロス,ドキュメンタリー映画賞	「三里塚のイカロス」代島 治彦 監督
72,2017,アニメーション映画賞,17,,こんぷれっくす×コンプレックス,アニメーション映画賞	「こんぷれっくす×コンプレックス」ふくだ みゆき 監督
72,2017,大藤信郎賞,18,,,大藤信郎賞	「夜明け告げるルーのうた」湯浅 政明 監督
72,2017,日本映画部門,19,,忍びの国,日本映画部門	「忍びの国」中村 義洋 監督
72,2017,外国映画部門,20,,ラ・ラ・ランド,外国映画部門	「ラ・ラ・ランド」デイミアン・チャゼル 監督
72,2017,特別賞,21,,,特別賞	佐藤 忠男（映画評論家）
73,2018,日本映画大賞,0,,万引き家族,
73,2018,日本映画優秀賞,1,,菊とギロチン,日本映画優秀賞	「菊とギロチン」瀬々 敬久 監督
73,2018,外国映画ベストワン賞,2,,,外国映画ベストワン賞	「スリー・ビルボード」 マーティン・マクドナー 監督
73,2018,監督賞,3,上田慎一郎,カメラを止めるな！,監督賞	上田 慎一郎「カメラを止めるな！」
73,2018,脚本賞,4,野尻克己,鈴木家の嘘,脚本賞	野尻 克己「鈴木家の嘘」
73,2018,男優主演賞,5,柄本佑,きみの鳥はうたえる,男優主演賞	柄本 佑「きみの鳥はうたえる」
73,2018,女優主演賞,6,安藤サクラ,万引き家族,女優主演賞	安藤 サクラ「万引き家族」
73,2018,男優助演賞,7,塚本晋也,斬、 ,男優助演賞	塚本 晋也「斬、 」
73,2018,女優助演賞,8,樹木希林,万引き家族,女優助演賞	樹木 希林「万引き家族」
73,2018,スポニチグランプリ新人賞,9,,,スポニチグランプリ新人賞	玉置 玲央「教誨師」
73,2018,スポニチグランプリ新人賞,10,,,スポニチグランプリ新人賞	木竜 麻生「菊とギロチン」
73,2018,田中絹代賞,11,,,田中絹代賞	白川 和子
73,2018,撮影賞,12,月永雄太,モリのいる場所,撮影賞	月永 雄太「モリのいる場所」
73,2018,美術賞,13,"原田満生,堀明元紀",日日是好日,美術賞	原田 満生、堀明 元紀「日日是好日」
73,2018,音楽賞,14,Hi’Spec,きみの鳥はうたえる,音楽賞	Hi’Spec「きみの鳥はうたえる」
73,2018,録音賞,15,吉田憲義,日日是好日,録音賞	吉田 憲義「日日是好日」
73,2018,ドキュメンタリー映画賞,16,,廻り神楽,ドキュメンタリー映画賞	「廻り神楽」遠藤 協 監督
73,2018,アニメーション映画賞,17,,若おかみは小学生！,アニメーション映画賞	「若おかみは小学生！」高坂 希太郎 監督
73,2018,大藤信郎賞,18,,,大藤信郎賞	「リズと青い鳥」山田 尚子 監督
73,2018,日本映画部門,19,,劇場版 コード・ブルー - ドクターヘリ緊急救命 -,日本映画部門	「劇場版 コード・ブルー - ドクターヘリ緊急救命 -」西浦 正記 監督
73,2018,外国映画部門,20,,ボヘミアン・ラプソディ,外国映画部門	「ボヘミアン・ラプソディ」ブライアン・シンガー 監督
73,2018,特別賞,21,,,特別賞	戸田 奈津子（字幕翻訳家）
74,2019,日本映画大賞,0,,蜜蜂と遠雷,
74,2019,日本映画優秀賞,1,,新聞記者,日本映画優秀賞	「新聞記者」藤井 道人 監督
74,2019,外国映画ベストワン賞,2,,,外国映画ベストワン賞	「ジョーカー」 トッド・フィリップス 監督
74,2019,監督賞,3,石川慶,蜜蜂と遠雷,監督賞	石川 慶「蜜蜂と遠雷」
74,2019,脚本賞,4,阪本順治,半世界,脚本賞	阪本 順治「半世界」
74,2019,男優主演賞,5,成田凌,カツベン！,男優主演賞	成田 凌「カツベン！」
74,2019,女優主演賞,6,シム・ウンギョン,新聞記者,女優主演賞	シム・ウンギョン「新聞記者」
74,2019,男優助演賞,7,吉澤健,凪待ち,男優助演賞	吉澤 健「凪待ち」
74,2019,女優助演賞,8,池脇千鶴,半世界,女優助演賞	池脇 千鶴「半世界」
74,2019,スポニチグランプリ新人賞,9,,,スポニチグランプリ新人賞	鈴鹿 央士「蜜蜂と遠雷」
74,2019,スポニチグランプリ新人賞,10,,,スポニチグランプリ新人賞	関水 渚「町田くんの世界」
74,2019,田中絹代賞,11,,,田中絹代賞	風吹 ジュン
74,2019,撮影賞,12,クリストファー・ドイル,ある船頭の話,撮影賞	クリストファー・ドイル「ある船頭の話」
74,2019,美術賞,13,磯田典宏,カツベン！,美術賞	磯田典宏「カツベン！」
74,2019,音楽賞,14,RADWIMPS,天気の子,音楽賞	RADWIMPS「天気の子」
74,2019,録音賞,15,藤本賢一,半世界,録音賞	藤本賢一「半世界」
74,2019,ドキュメンタリー映画賞,16,,えんとこの歌　寝たきり歌人・遠藤滋,ドキュメンタリー映画賞	「えんとこの歌　寝たきり歌人・遠藤滋」伊勢 真一 監督
74,2019,アニメーション映画賞,17,,海獣の子供,アニメーション映画賞	「海獣の子供」渡辺 歩 監督
74,2019,大藤信郎賞,18,,,大藤信郎賞	「ある日本の絵描き少年」川尻 将由 監督
74,2019,日本映画部門,19,,凪待ち,日本映画部門	「凪待ち」白石 和彌 監督
74,2019,外国映画部門,20,,ジョーカー,外国映画部門	「ジョーカー」トッド・フィリップス 監督
74,2019,特別賞,21,,,特別賞	宮本 まさ江（衣装）
75,2020,日本映画大賞,0,,MOTHER マザー,
75,2020,日本映画優秀賞,1,,アンダードッグ,日本映画優秀賞	「アンダードッグ」武 正晴 監督
75,2020,外国映画ベストワン賞,2,,,外国映画ベストワン賞	「パラサイト 半地下の家族」 ポン・ジュノ監督
75,2020,監督賞,3,河瀬直美,朝が来る,監督賞	河瀬 直美「朝が来る」
75,2020,脚本賞,4,丸山昇一,一度も撃ってません,脚本賞	丸山 昇一「一度も撃ってません」
75,2020,男優主演賞,5,森山未來,アンダードッグ,男優主演賞	森山 未來「アンダードッグ」
75,2020,女優主演賞,6,水川あさみ,喜劇 愛妻物語,女優主演賞	水川 あさみ「喜劇 愛妻物語」
75,2020,男優助演賞,7,宇野祥平,罪の声,男優助演賞	宇野 祥平「罪の声」
75,2020,女優助演賞,8,蒔田彩珠,朝が来る,女優助演賞	蒔田 彩珠「朝が来る」
75,2020,スポニチグランプリ新人賞,9,,,スポニチグランプリ新人賞	上村 侑「許された子どもたち」
75,2020,スポニチグランプリ新人賞,10,,,スポニチグランプリ新人賞	佳山 明「37セカンズ」
75,2020,撮影賞,11,西村博光,アンダードッグ,撮影賞	西村 博光「アンダードッグ」
75,2020,美術賞,12,"磯見俊裕,露木恵美子",ばるぼら,美術賞	磯見 俊裕、露木 恵美子「ばるぼら」
75,2020,音楽賞,13,渋谷慶一郎,ミッドナイトスワン,音楽賞	渋谷 慶一郎「ミッドナイトスワン」
75,2020,録音賞,14,"藤丸和徳,瀬川徹夫",アンダードッグ,録音賞	藤丸 和徳、瀬川 徹夫「アンダードッグ」
75,2020,ドキュメンタリー映画賞,15,,れいわ一揆,ドキュメンタリー映画賞	「れいわ一揆」原 一男 監督
75,2020,アニメーション映画賞,16,,魔女見習いをさがして,アニメーション映画賞	「魔女見習いをさがして」佐藤 順一、鎌谷 悠 監督
75,2020,大藤信郎賞,17,,,大藤信郎賞	「音楽」岩井澤 健治 監督
75,2020,日本映画部門,18,,ミッドナイトスワン,日本映画部門	「ミッドナイトスワン」内田 英治 監督
75,2020,外国映画部門,19,,TENET テネット,外国映画部門	「TENET テネット」クリストファー・ノーラン 監督
75,2020,田中絹代賞,20,,,田中絹代賞	梶芽衣子
75,2020,特別賞,21,,,特別賞	大林恭子（映画プロデューサー）
76,2021,日本映画大賞,0,,ドライブ・マイ・カー,
76,2021,日本映画優秀賞,1,,すばらしき世界,日本映画優秀賞	「すばらしき世界」西川 美和 監督
76,2021,外国映画ベストワン賞,2,,,外国映画ベストワン賞	「ノマドランド」 クロエ・ジャオ監督
76,2021,監督賞,3,濱口竜介,ドライブ・マイ・カー,監督賞	濱口 竜介「ドライブ・マイ・カー」
76,2021,脚本賞,4,吉田恵輔,空白,脚本賞	吉田 恵輔「空白」
76,2021,男優主演賞,5,佐藤健,護られなかった者たちへ,男優主演賞	佐藤 健「護られなかった者たちへ」
76,2021,女優主演賞,6,尾野真千子,茜色に焼かれる,女優主演賞	尾野 真千子「茜色に焼かれる」
76,2021,男優助演賞,7,仲野太賀,すばらしき世界,男優助演賞	仲野 太賀「すばらしき世界」
76,2021,女優助演賞,8,清原果耶,護られなかった者たちへ,女優助演賞	清原 果耶「護られなかった者たちへ」
76,2021,スポニチグランプリ新人賞,9,,,スポニチグランプリ新人賞	和田 庵「茜色に焼かれる」
76,2021,スポニチグランプリ新人賞,10,,,スポニチグランプリ新人賞	片山 友希「茜色に焼かれる」
76,2021,撮影賞,11,笠松則通,すばらしき世界,撮影賞	笠松 則通「すばらしき世界」
76,2021,美術賞,12,原田哲男,燃えよ剣,美術賞	原田 哲男「燃えよ剣」
76,2021,音楽賞,13,林正樹,すばらしき世界,音楽賞	林 正樹「すばらしき世界」
76,2021,録音賞,14,浦田和治,孤狼の血 ＬＥＶＥＬ２,録音賞	浦田 和治「孤狼の血 ＬＥＶＥＬ２」
76,2021,ドキュメンタリー映画賞,15,,水俣曼荼羅,ドキュメンタリー映画賞	「水俣曼荼羅」原 一男 監督
76,2021,アニメーション映画賞,16,,岬のマヨイガ,アニメーション映画賞	「岬のマヨイガ」川面 真也 監督
76,2021,大藤信郎賞,17,,,大藤信郎賞	「プックラポッタを森の時間」八代 健志 監督
76,2021,日本映画部門,18,,るろうに剣心 最終章 The Final,日本映画部門	「るろうに剣心 最終章 The Final」大友 啓史 監督
76,2021,外国映画部門,19,,007／ノー・タイム・トゥ・ダイ,外国映画部門	「007／ノー・タイム・トゥ・ダイ」キャリー・フクナガ監督
76,2021,田中絹代賞,20,,,田中絹代賞	宮本 信子
76,2021,特別賞,21,,,特別賞	岩波ホール
77,2022,日本映画大賞,0,,ケイコ　目を澄ませて,
77,2022,日本映画優秀賞,1,,夜明けまでバス停で,日本映画優秀賞	「夜明けまでバス停で」高橋 伴明監督
77,2022,外国映画ベストワン賞,2,,,外国映画ベストワン賞	「ベルファスト」 ケネス・ブラナー監督
77,2022,監督賞,3,"三宅,唱",ケイコ　目を澄ませて,監督賞	三宅　唱「ケイコ　目を澄ませて」
77,2022,脚本賞,4,早川千絵,ＰＬＡＮ　75,脚本賞	早川千絵「ＰＬＡＮ　75」
77,2022,男優主演賞,5,沢田研二,土を喰らう十二カ月,男優主演賞	沢田研二「土を喰らう十二カ月」
77,2022,女優主演賞,6,岸井ゆきの,ケイコ　目を澄ませて,女優主演賞	岸井ゆきの「ケイコ　目を澄ませて」
77,2022,男優助演賞,7,窪田正孝,ある男,男優助演賞	窪田正孝「ある男」
77,2022,女優助演賞,8,伊東蒼,さがす,女優助演賞	伊東蒼「さがす」
77,2022,スポニチグランプリ新人賞,9,,,スポニチグランプリ新人賞	番家一路「サバカン　SABAKAN」
77,2022,スポニチグランプリ新人賞,10,,,スポニチグランプリ新人賞	嵐莉菜「マイスモールランド」
77,2022,撮影賞,11,月永雄太,ケイコ　目を澄ませて,撮影賞	月永雄太「ケイコ　目を澄ませて」
77,2022,美術賞,12,"今村力,新田隆之",死刑にいたる病,美術賞	今村力、新田隆之「死刑にいたる病」
77,2022,音楽賞,13,青葉市子,こちらあみ子,音楽賞	青葉市子「こちらあみ子」
77,2022,録音賞,14,川井崇満,ケイコ　目を澄ませて,録音賞	川井崇満「ケイコ　目を澄ませて」
77,2022,ドキュメンタリー映画賞,15,,スープとイデオロギー,ドキュメンタリー映画賞	「スープとイデオロギー」ヤン ヨンヒ監督
77,2022,アニメーション映画賞,16,,高野交差点,アニメーション映画賞	「高野交差点」伊藤瑞希監督
77,2022,大藤信郎賞,17,,,大藤信郎賞	「犬王」湯浅政明監督
77,2022,日本映画部門,18,,チェリまほ THE MOVIE 30歳まで童貞だと魔法使いになれるらしい,日本映画部門	「チェリまほ THE MOVIE 30歳まで童貞だと魔法使いになれるらしい」風間太樹監督
77,2022,外国映画部門,19,,トップガン マーベリック,外国映画部門	「トップガン マーベリック」ジョセフ・コジンスキー監督
77,2022,田中絹代賞,20,,,田中絹代賞	寺島しのぶ
77,2022,特別賞,21,,,特別賞	中島貞夫（映画監督）
78,2023,日本映画大賞,0,,せかいのおきく,
78,2023,日本映画優秀賞,1,,ほかげ,日本映画優秀賞	「ほかげ」塚本 晋也監督
78,2023,外国映画ベストワン賞,2,,,外国映画ベストワン賞	「TAR/ター」 トッド・フィールド監督
78,2023,監督賞,3,石井裕也,月,監督賞	石井裕也「月」
78,2023,脚本賞,4,阪本順治,せかいのおきく,脚本賞	阪本順治「せかいのおきく」
78,2023,男優主演賞,5,鈴木亮平,エゴイスト,男優主演賞	鈴木亮平「エゴイスト」
78,2023,女優主演賞,6,杉咲花,市子,女優主演賞	杉咲花「市子」
78,2023,男優助演賞,7,宮沢氷魚,エゴイスト,男優助演賞	宮沢氷魚「エゴイスト」
78,2023,女優助演賞,8,広瀬すず,キリエのうた,女優助演賞	広瀬すず「キリエのうた」
78,2023,スポニチグランプリ新人賞,9,,,スポニチグランプリ新人賞	アフロ「さよなら ほやマン」
78,2023,スポニチグランプリ新人賞,10,,,スポニチグランプリ新人賞	サリngROCK「BAD LANDS バッド・ランズ」
78,2023,撮影賞,11,鎌苅洋一,月,撮影賞	鎌苅洋一「月」
78,2023,美術賞,12,上條安里,ゴジラ-1.0,美術賞	上條安里「ゴジラ-1.0」
78,2023,音楽賞,13,ジム・オルーク,658㎞、陽子の旅,音楽賞	ジム・オルーク「658㎞、陽子の旅」
78,2023,録音賞,14,志満順一,せかいのおきく,録音賞	志満順一「せかいのおきく」
78,2023,ドキュメンタリー映画賞,15,,『生きる』大川小学校 津波裁判を闘った人たち,ドキュメンタリー映画賞	「『生きる』大川小学校 津波裁判を闘った人たち」寺田和弘監督
78,2023,アニメーション映画賞,16,,アリスとテレスのまぼろし工場,アニメーション映画賞	「アリスとテレスのまぼろし工場」岡田麿里監督
78,2023,大藤信郎賞,17,,,大藤信郎賞	「君たちはどう生きるか」宮崎駿監督
78,2023,日本映画部門,18,,劇場版　美しい彼～eternal～,日本映画部門	「劇場版　美しい彼～eternal～」酒井麻衣監督
78,2023,外国映画部門,19,,エブリシング・エブリウェア・オール・アット・ワンス,外国映画部門	「エブリシング・エブリウェア・オール・アット・ワンス」ダニエル・クワン、ダニエル・シャイナート監督
78,2023,田中絹代賞,20,,,田中絹代賞	薬師丸ひろ子
78,2023,特別賞,21,,,特別賞	鈴木敏夫（スタジオジブリ　プロデューサー）